#datatype measurement,dateTime:2006-01-02T15:04:05.000Z,double,double,double,,double,double,double,double,double,double,double,double,double,double,double,double,double,double,double,double,double,double,double,double,double,double,double,double,double,double,double,double,double,double,double,double,double,double,double,double,double,double,double,double,double,double,double,double,double,double,double,double,double,double,double,double,double,double,double,double,double,double,double,double,double,double,double,double,double,double,double,double,double,double,double,double,double,double,double,double,double,double,double,double,double,double,double,double,double,double,double,double,double,double,double,double,double,double,double,double,double,double,double,double,double,double,double,double,double,double,double,double,double,double,double,double,double,double,double,double,double,double,double,double,double,double,double,double,double,double,double,double,double,double,double,double,double,double,double,double,double,double,double,double,double,double,double,double,double,double,double,double,double,double,double,double,double,double,double,double,double,double,double,double,double,double,double,double,double,double,double,double,double,double,double,double,double,double,double,double,double,double,double,double,double,double,double,double,double,double,double,double,double,double,double,double,double,double,double,double,double,double,double,double,double,double,double,double,double,double,double,double,double,double,double,double,double,double,double,double,double,double,double,double,double,double,double,double,double,double,double,double,double,double,double,double,double,double,double,double,double,double,double,double,double,double,double,double,double,double,double,double,double,double,double,double,double,double,double,double,double,double,double,double,double,double,double,double,,double
LinuxPCM,DateTime,EXEC,IPC,FREQ,AFREQ,CFREQ,L3MISS,L2MISS,L3HIT,L2HIT,L3MPI,L2MPI,READ,WRITE,INST,ACYC,TIME(ticks),PhysIPC,PhysIPC%,INSTnom,INSTnom%,C0res%,C1res%,C3res%,C6res%,C7res%,C0res%,C2res%,C3res%,C6res%,C7res%,C8res%,C9res%,C10res%,Proc Energy (Joules),Power Plane 0 Energy (Joules),Power Plane 1 Energy (Joules),EXEC,IPC,FREQ,AFREQ,CFREQ,L3MISS,L2MISS,L3HIT,L2HIT,L3MPI,L2MPI,READ,WRITE,IO,IA,GT,TEMP,INST,ACYC,TIME(ticks),PhysIPC,PhysIPC%,INSTnom,INSTnom%,C0res%,C1res%,C3res%,C6res%,C7res%,C0res%,C2res%,C3res%,C6res%,C7res%,C8res%,C9res%,C10res%,SKT0,SKT0,SKT0,EXEC,IPC,FREQ,AFREQ,CFREQ,L3MISS,L2MISS,L3HIT,L2HIT,L3MPI,L2MPI,C0res%,C1res%,C3res%,C6res%,C7res%,TEMP,INST,ACYC,TIME(ticks),PhysIPC,PhysIPC%,INSTnom,INSTnom%,EXEC,IPC,FREQ,AFREQ,CFREQ,L3MISS,L2MISS,L3HIT,L2HIT,L3MPI,L2MPI,C0res%,C1res%,C3res%,C6res%,C7res%,TEMP,INST,ACYC,TIME(ticks),PhysIPC,PhysIPC%,INSTnom,INSTnom%,EXEC,IPC,FREQ,AFREQ,CFREQ,L3MISS,L2MISS,L3HIT,L2HIT,L3MPI,L2MPI,C0res%,C1res%,C3res%,C6res%,C7res%,TEMP,INST,ACYC,TIME(ticks),PhysIPC,PhysIPC%,INSTnom,INSTnom%,EXEC,IPC,FREQ,AFREQ,CFREQ,L3MISS,L2MISS,L3HIT,L2HIT,L3MPI,L2MPI,C0res%,C1res%,C3res%,C6res%,C7res%,TEMP,INST,ACYC,TIME(ticks),PhysIPC,PhysIPC%,INSTnom,INSTnom%,EXEC,IPC,FREQ,AFREQ,CFREQ,L3MISS,L2MISS,L3HIT,L2HIT,L3MPI,L2MPI,C0res%,C1res%,C3res%,C6res%,C7res%,TEMP,INST,ACYC,TIME(ticks),PhysIPC,PhysIPC%,INSTnom,INSTnom%,EXEC,IPC,FREQ,AFREQ,CFREQ,L3MISS,L2MISS,L3HIT,L2HIT,L3MPI,L2MPI,C0res%,C1res%,C3res%,C6res%,C7res%,TEMP,INST,ACYC,TIME(ticks),PhysIPC,PhysIPC%,INSTnom,INSTnom%,EXEC,IPC,FREQ,AFREQ,CFREQ,L3MISS,L2MISS,L3HIT,L2HIT,L3MPI,L2MPI,C0res%,C1res%,C3res%,C6res%,C7res%,TEMP,INST,ACYC,TIME(ticks),PhysIPC,PhysIPC%,INSTnom,INSTnom%,EXEC,IPC,FREQ,AFREQ,CFREQ,L3MISS,L2MISS,L3HIT,L2HIT,L3MPI,L2MPI,C0res%,C1res%,C3res%,C6res%,C7res%,TEMP,INST,ACYC,TIME(ticks),PhysIPC,PhysIPC%,INSTnom,INSTnom%,,Temperature
LinuxPCM,2024-12-03T15:27:08.975Z,0.03,1.61,0.02,1.01,4.26,0.02,5.34,1.00,0.96,0.0000,0.0046,0.01,0.01,1159.43,722.38,4202.66,3.21,80.25,0.07,1.72,2.12,2.90,0.01,0.17,94.80,100.00,0.00,0.00,0.00,0.00,0.00,0.00,0.00,16.41,0.00,0.00,0.03,1.61,0.02,1.01,4.26,0.02,5.34,1.00,0.96,0.0000,0.0046,0.01,0.01,0.00,0.02,0.00,23,1159.43,722.38,4202.66,3.21,80.25,0.07,1.72,2.12,2.90,0.01,0.17,94.80,100.00,0.00,0.00,0.00,0.00,0.00,0.00,0.00,16.41,5.23,0.00,0.00,0.47,0.00,1.02,4.27,0.00,0.03,0.84,0.42,0.0008,0.0055,0.25,0.53,0.00,0.56,98.66,24,5.06,10.71,4202.66,0.95,23.64,0.00,0.06,0.00,0.23,0.00,1.04,4.38,0.00,0.01,0.96,0.29,0.0005,0.0128,0.05,16.16,0.00,0.00,83.79,23,0.51,2.18,4202.66,0.47,11.67,0.00,0.01,0.00,0.50,0.00,1.01,4.25,0.00,0.02,0.91,0.50,0.0003,0.0042,0.19,2.12,0.04,0.01,97.63,26,4.13,8.28,4202.66,1.00,24.95,0.00,0.05,0.00,0.66,0.00,1.01,4.23,0.00,0.03,0.85,0.56,0.0005,0.0037,0.27,0.50,0.00,0.09,99.14,25,7.54,11.45,4202.66,1.32,32.92,0.00,0.09,0.00,0.21,0.00,1.05,4.41,0.00,0.01,0.85,0.36,0.0015,0.0113,0.05,0.73,0.00,0.56,98.65,24,0.47,2.28,4202.66,0.42,10.38,0.00,0.01,0.27,1.69,0.16,1.01,4.25,0.00,5.22,1.00,0.96,0.0000,0.0046,15.80,0.40,0.00,0.00,83.79,23,1137.85,672.36,4202.66,3.38,84.62,0.54,13.54,0.00,0.20,0.00,1.06,4.46,0.00,0.02,0.90,0.29,0.0010,0.0100,0.27,2.05,0.04,0.01,97.63,26,2.43,12.01,4202.66,0.41,10.13,0.00,0.03,0.00,0.46,0.00,1.06,4.45,0.00,0.01,0.75,0.38,0.0013,0.0054,0.07,0.70,0.00,0.09,99.14,25,1.43,3.10,4202.66,0.92,23.01,0.00,0.02,,27.800
LinuxPCM,2024-12-03T15:27:09.974Z,0.05,1.63,0.03,1.03,4.34,0.01,8.09,1.00,0.96,0.0000,0.0046,0.01,0.00,1747.77,1072.85,4198.50,3.26,81.45,0.10,2.60,3.09,3.98,0.00,0.09,92.84,100.00,0.00,0.00,0.00,0.00,0.00,0.00,0.00,18.71,0.00,0.00,0.05,1.63,0.03,1.03,4.34,0.01,8.09,1.00,0.96,0.0000,0.0046,0.01,0.00,0.00,0.01,0.00, 0,1747.77,1072.85,4198.50,3.26,81.45,0.10,2.60,3.09,3.98,0.00,0.09,92.84,100.00,0.00,0.00,0.00,0.00,0.00,0.00,0.00,18.71,7.53,0.00,0.00,0.55,0.00,1.05,4.39,0.00,0.04,0.87,0.39,0.0005,0.0047,0.32,0.72,0.00,0.18,98.78,21,7.61,13.87,4198.50,1.10,27.43,0.00,0.09,0.00,0.64,0.00,1.06,4.46,0.00,0.03,0.89,0.55,0.0004,0.0038,0.26,8.43,0.02,0.03,91.26, 0,7.57,11.76,4198.50,1.29,32.20,0.00,0.09,0.00,0.43,0.00,1.05,4.42,0.00,0.01,0.86,0.48,0.0005,0.0047,0.15,2.21,0.00,0.04,97.60,23,2.94,6.83,4198.50,0.86,21.51,0.00,0.04,0.27,1.68,0.16,1.03,4.34,0.00,5.26,1.00,0.96,0.0000,0.0046,15.65,0.52,0.00,0.11,83.71,21,1139.33,679.19,4198.50,3.35,83.87,0.54,13.57,0.00,0.13,0.00,1.04,4.37,0.00,0.00,0.80,0.31,0.0022,0.0129,0.04,0.98,0.00,0.18,98.79,21,0.25,1.86,4198.50,0.27,6.63,0.00,0.00,0.14,1.69,0.08,1.03,4.33,0.00,2.73,1.00,0.96,0.0000,0.0046,8.03,0.67,0.02,0.03,91.26, 0,588.65,347.76,4198.50,3.39,84.64,0.28,7.01,0.00,0.12,0.00,1.06,4.45,0.00,0.02,0.97,0.23,0.0005,0.0180,0.23,2.13,0.00,0.04,97.60,23,1.22,10.20,4198.50,0.24,5.96,0.00,0.01,0.00,0.14,0.00,1.04,4.37,0.00,0.00,0.87,0.30,0.0015,0.0120,0.03,16.14,0.00,0.11,83.71,21,0.20,1.39,4198.50,0.29,7.23,0.00,0.00,,27.800
LinuxPCM,2024-12-03T15:27:10.975Z,0.19,1.48,0.13,1.03,4.31,0.03,76.32,1.00,0.90,0.0000,0.0122,0.02,0.01,6274.08,4245.81,4202.79,2.96,73.89,0.37,9.33,12.31,11.65,0.00,0.75,75.30,100.00,0.00,0.00,0.00,0.00,0.00,0.00,0.00,32.89,0.00,0.00,0.19,1.48,0.13,1.03,4.31,0.03,76.32,1.00,0.90,0.0000,0.0122,0.02,0.01,0.00,0.03,0.00,21,6274.08,4245.81,4202.79,2.96,73.89,0.37,9.33,12.31,11.65,0.00,0.75,75.30,100.00,0.00,0.00,0.00,0.00,0.00,0.00,0.00,32.89,21.69,0.00,0.22,1.63,0.13,1.02,4.28,0.00,4.13,1.00,0.96,0.0000,0.0046,12.92,16.78,0.00,1.08,69.22,22,905.06,553.79,4202.79,3.27,81.71,0.43,10.77,0.06,0.66,0.09,1.04,4.37,0.01,25.04,1.00,0.13,0.0000,0.0990,8.80,5.54,0.00,1.72,83.93,22,252.95,384.77,4202.79,1.31,32.87,0.12,3.01,0.00,0.30,0.00,1.04,4.35,0.00,0.02,0.88,0.40,0.0006,0.0060,0.22,17.17,0.00,0.04,82.57,24,2.87,9.59,4202.79,0.60,14.99,0.00,0.03,0.54,1.67,0.32,1.02,4.28,0.00,10.41,1.00,0.96,0.0000,0.0046,31.77,2.61,0.00,0.15,65.47,21,2278.06,1361.29,4202.79,3.35,83.67,1.08,27.10,0.27,1.66,0.16,1.03,4.32,0.00,5.18,1.00,0.96,0.0000,0.0045,15.90,13.81,0.00,1.08,69.22,22,1143.39,687.73,4202.79,3.33,83.13,0.54,13.60,0.13,1.00,0.13,1.03,4.32,0.00,26.34,1.00,0.60,0.0000,0.0478,12.72,1.63,0.00,1.72,83.93,22,550.78,549.52,4202.79,2.00,50.12,0.26,6.55,0.27,1.64,0.17,1.03,4.34,0.00,5.20,1.00,0.96,0.0000,0.0046,15.99,1.39,0.00,0.04,82.57,24,1140.24,694.11,4202.79,3.29,82.14,0.54,13.57,0.00,0.15,0.00,1.03,4.33,0.00,0.01,0.88,0.27,0.0015,0.0131,0.12,34.26,0.00,0.15,65.47,21,0.73,5.01,4202.79,0.29,7.30,0.00,0.01,,27.800
LinuxPCM,2024-12-03T15:27:11.975Z,0.07,1.64,0.04,1.03,4.34,0.01,11.11,1.00,0.96,0.0000,0.0046,0.01,0.00,2401.96,1462.95,4201.78,3.28,82.09,0.14,3.57,4.21,5.04,0.00,0.14,90.61,100.00,0.00,0.00,0.00,0.00,0.00,0.00,0.00,20.77,0.00,0.00,0.07,1.64,0.04,1.03,4.34,0.01,11.11,1.00,0.96,0.0000,0.0046,0.01,0.00,0.00,0.01,0.00, 0,2401.96,1462.95,4201.78,3.28,82.09,0.14,3.57,4.21,5.04,0.00,0.14,90.61,100.00,0.00,0.00,0.00,0.00,0.00,0.00,0.00,20.77,9.61,0.00,0.00,0.58,0.00,1.05,4.43,0.00,0.04,0.86,0.48,0.0005,0.0044,0.35,0.67,0.00,0.29,98.69,20,9.01,15.58,4201.78,1.16,28.92,0.00,0.11,0.00,0.43,0.00,1.05,4.40,0.00,0.02,0.83,0.45,0.0010,0.0062,0.15,1.86,0.00,0.10,97.89, 0,2.86,6.63,4201.78,0.86,21.56,0.00,0.03,0.00,0.08,0.00,1.04,4.37,0.00,0.00,0.88,0.30,0.0014,0.0130,0.07,17.57,0.01,0.11,82.24,20,0.23,2.95,4201.78,0.16,3.89,0.00,0.00,0.27,1.68,0.16,1.03,4.32,0.00,5.24,1.00,0.96,0.0000,0.0046,15.69,0.62,0.00,0.08,83.62,19,1137.91,677.78,4201.78,3.36,83.94,0.54,13.54,0.00,0.11,0.00,1.04,4.36,0.00,0.00,0.87,0.32,0.0014,0.0134,0.05,0.97,0.00,0.29,98.69,20,0.24,2.09,4201.78,0.22,5.62,0.00,0.00,0.03,1.64,0.02,1.07,4.48,0.00,0.49,1.00,0.96,0.0000,0.0046,1.44,0.57,0.00,0.10,97.88, 0,106.36,64.71,4201.78,3.29,82.18,0.05,1.27,0.27,1.66,0.16,1.04,4.35,0.00,5.30,1.00,0.96,0.0000,0.0046,15.78,1.86,0.01,0.11,82.24,20,1142.41,687.06,4201.78,3.33,83.14,0.54,13.59,0.00,0.48,0.00,1.04,4.38,0.00,0.02,0.85,0.45,0.0006,0.0051,0.14,16.17,0.00,0.08,83.62,19,2.95,6.15,4201.78,0.96,23.96,0.00,0.04,,27.800
LinuxPCM,2024-12-03T15:27:12.976Z,0.13,1.25,0.11,1.02,4.29,0.02,100.13,1.00,0.81,0.0000,0.0224,0.01,0.01,4466.51,3570.61,4202.74,2.50,62.55,0.27,6.64,10.39,7.18,0.01,0.13,82.29,100.00,0.00,0.00,0.00,0.00,0.00,0.00,0.00,27.03,0.00,0.00,0.13,1.25,0.11,1.02,4.29,0.02,100.13,1.00,0.81,0.0000,0.0224,0.01,0.01,0.00,0.02,0.00,23,4466.51,3570.61,4202.74,2.50,62.55,0.27,6.64,10.39,7.18,0.01,0.13,82.29,100.00,0.00,0.00,0.00,0.00,0.00,0.00,0.00,27.03,15.83,0.00,0.10,0.60,0.17,1.05,4.41,0.00,41.63,1.00,0.15,0.0000,0.1003,15.72,10.82,0.02,0.06,73.37,24,415.12,693.89,4202.74,1.20,29.91,0.20,4.94,0.18,1.66,0.11,1.00,4.19,0.01,3.47,1.00,0.96,0.0000,0.0047,10.58,14.93,0.00,0.13,74.36,23,738.60,443.81,4202.74,3.33,83.21,0.35,8.79,0.00,0.27,0.00,1.02,4.28,0.00,0.01,0.90,0.39,0.0006,0.0070,0.17,1.74,0.04,0.29,97.77,25,1.90,7.08,4202.74,0.54,13.45,0.00,0.02,0.27,1.68,0.16,1.01,4.24,0.00,5.21,1.00,0.96,0.0000,0.0046,15.99,0.32,0.00,0.05,83.64,24,1137.90,678.99,4202.74,3.35,83.79,0.54,13.54,0.27,1.02,0.27,1.03,4.34,0.00,45.10,1.00,0.67,0.0000,0.0396,25.73,0.82,0.02,0.06,73.37,24,1137.93,1116.45,4202.74,2.04,50.96,0.54,13.54,0.25,1.68,0.15,1.00,4.21,0.00,4.68,1.00,0.96,0.0000,0.0045,14.58,10.93,0.00,0.13,74.36,23,1031.75,613.98,4202.74,3.36,84.02,0.49,12.27,0.00,0.20,0.00,1.03,4.34,0.00,0.03,0.94,0.32,0.0006,0.0105,0.31,1.59,0.04,0.29,97.77,25,2.78,13.63,4202.74,0.41,10.21,0.00,0.03,0.00,0.19,0.00,1.03,4.34,0.00,0.00,0.76,0.30,0.0021,0.0093,0.06,16.25,0.00,0.05,83.64,24,0.52,2.78,4202.74,0.37,9.36,0.00,0.01,,27.800
LinuxPCM,2024-12-03T15:27:13.976Z,0.11,1.66,0.07,1.02,4.29,0.01,16.75,1.00,0.96,0.0000,0.0046,0.01,0.00,3622.41,2186.67,4201.89,3.31,82.83,0.22,5.39,6.37,7.07,0.00,0.28,86.28,100.00,0.00,0.00,0.00,0.00,0.00,0.00,0.00,24.44,0.00,0.00,0.11,1.66,0.07,1.02,4.29,0.01,16.75,1.00,0.96,0.0000,0.0046,0.01,0.00,0.00,0.02,0.00, 0,3622.41,2186.67,4201.89,3.31,82.83,0.22,5.39,6.37,7.07,0.00,0.28,86.28,100.00,0.00,0.00,0.00,0.00,0.00,0.00,0.00,24.44,13.28,0.00,0.00,0.38,0.00,1.02,4.30,0.00,0.03,0.94,0.33,0.0004,0.0069,0.24,0.80,0.00,0.40,98.56,21,4.00,10.45,4201.89,0.77,19.15,0.00,0.05,0.00,0.54,0.00,1.02,4.29,0.00,0.02,0.91,0.48,0.0003,0.0044,0.24,16.41,0.00,0.36,82.99,22,5.62,10.40,4201.89,1.08,27.01,0.00,0.07,0.00,0.57,0.00,1.03,4.32,0.00,0.02,0.86,0.56,0.0005,0.0035,0.28,17.06,0.00,0.36,82.30,22,6.92,12.12,4201.89,1.14,28.54,0.00,0.08,0.32,1.68,0.19,1.03,4.33,0.00,6.17,1.00,0.96,0.0000,0.0047,18.23,0.48,0.00,0.00,81.29, 0,1326.78,789.10,4201.89,3.36,84.07,0.63,15.79,0.00,0.33,0.00,1.03,4.31,0.00,0.01,0.90,0.43,0.0005,0.0059,0.13,0.92,0.00,0.40,98.56,21,1.76,5.39,4201.89,0.65,16.36,0.00,0.02,0.27,1.69,0.16,1.00,4.20,0.00,5.19,1.00,0.96,0.0000,0.0046,16.04,0.61,0.00,0.36,82.99,22,1137.82,674.23,4201.89,3.38,84.38,0.54,13.54,0.27,1.67,0.16,1.03,4.34,0.00,5.29,1.00,0.96,0.0000,0.0046,15.69,1.65,0.00,0.36,82.30,22,1138.86,681.75,4201.89,3.34,83.53,0.54,13.55,0.00,0.20,0.00,1.04,4.36,0.00,0.01,0.78,0.30,0.0020,0.0099,0.07,18.64,0.00,0.00,81.29, 0,0.64,3.23,4201.89,0.40,9.93,0.00,0.01,,27.800
LinuxPCM,2024-12-03T15:27:14.977Z,0.14,1.66,0.08,1.03,4.31,0.01,21.02,1.00,0.96,0.0000,0.0046,0.01,0.01,4584.98,2760.40,4201.80,3.32,83.05,0.27,6.82,8.00,8.80,0.00,0.08,83.12,100.00,0.00,0.00,0.00,0.00,0.00,0.00,0.00,25.73,0.00,0.00,0.14,1.66,0.08,1.03,4.31,0.01,21.02,1.00,0.96,0.0000,0.0046,0.01,0.01,0.00,0.02,0.00, 0,4584.98,2760.40,4201.80,3.32,83.05,0.27,6.82,8.00,8.80,0.00,0.08,83.12,100.00,0.00,0.00,0.00,0.00,0.00,0.00,0.00,25.73,14.54,0.00,0.00,0.21,0.00,1.03,4.33,0.00,0.02,0.94,0.25,0.0008,0.0153,0.14,16.18,0.00,0.16,83.52,20,1.32,6.14,4201.80,0.43,10.72,0.00,0.02,0.27,1.68,0.16,1.02,4.29,0.00,5.31,1.00,0.96,0.0000,0.0046,15.84,0.51,0.00,0.05,83.60,21,1142.22,679.75,4201.80,3.36,84.02,0.54,13.59,0.00,0.09,0.00,1.04,4.38,0.00,0.01,0.86,0.26,0.0020,0.0157,0.08,17.69,0.00,0.00,82.23,21,0.35,3.72,4201.80,0.19,4.64,0.00,0.00,0.27,1.68,0.16,1.03,4.31,0.00,5.23,1.00,0.96,0.0000,0.0045,15.95,0.79,0.00,0.10,83.15, 0,1151.74,687.58,4201.80,3.35,83.75,0.55,13.71,0.27,1.67,0.16,1.04,4.37,0.00,5.17,1.00,0.96,0.0000,0.0045,15.62,0.70,0.00,0.16,83.52,20,1140.77,683.06,4201.80,3.34,83.50,0.54,13.57,0.00,0.20,0.00,1.04,4.36,0.00,0.00,0.82,0.31,0.0015,0.0091,0.06,16.30,0.00,0.05,83.60,21,0.49,2.43,4201.80,0.41,10.16,0.00,0.01,0.27,1.66,0.16,1.02,4.28,0.00,5.25,1.00,0.96,0.0000,0.0046,16.05,1.72,0.00,0.00,82.23,21,1141.03,686.37,4201.80,3.32,83.12,0.54,13.58,0.00,0.62,0.00,1.06,4.44,0.00,0.03,0.84,0.55,0.0005,0.0037,0.26,16.49,0.00,0.10,83.15, 0,7.07,11.35,4201.80,1.24,31.12,0.00,0.08,,27.800
LinuxPCM,2024-12-03T15:27:15.977Z,0.10,1.62,0.06,1.01,4.25,0.05,14.92,1.00,0.96,0.0000,0.0046,0.02,0.01,3253.39,2004.74,4203.42,3.25,81.14,0.19,4.84,5.89,6.95,0.02,0.23,86.92,100.00,0.00,0.00,0.00,0.00,0.00,0.00,0.00,23.36,0.00,0.00,0.10,1.62,0.06,1.01,4.25,0.05,14.92,1.00,0.96,0.0000,0.0046,0.02,0.01,0.00,0.03,0.00,22,3253.39,2004.74,4203.42,3.25,81.14,0.19,4.84,5.89,6.95,0.02,0.23,86.92,100.00,0.00,0.00,0.00,0.00,0.00,0.00,0.00,23.36,12.18,0.00,0.00,0.30,0.00,1.02,4.29,0.00,0.04,0.85,0.32,0.0012,0.0095,0.30,1.65,0.00,0.38,97.67,23,3.85,12.74,4203.42,0.61,15.13,0.00,0.05,0.00,0.40,0.00,1.05,4.41,0.00,0.03,0.89,0.43,0.0006,0.0066,0.26,16.77,0.03,0.21,82.73,23,4.62,11.54,4203.42,0.80,20.01,0.00,0.05,0.00,0.54,0.00,1.05,4.43,0.01,0.04,0.85,0.49,0.0006,0.0040,0.40,2.25,0.05,0.23,97.06,24,9.63,17.89,4203.42,1.08,26.91,0.00,0.11,0.49,1.68,0.29,1.02,4.27,0.00,9.46,1.00,0.96,0.0000,0.0046,28.92,0.78,0.00,0.10,70.20,24,2074.43,1236.50,4203.42,3.36,83.88,0.99,24.68,0.00,0.40,0.00,1.04,4.37,0.00,0.03,0.84,0.42,0.0008,0.0061,0.29,1.65,0.00,0.38,97.67,23,5.07,12.73,4203.42,0.80,19.92,0.00,0.06,0.27,1.68,0.16,1.00,4.21,0.01,5.23,1.00,0.96,0.0000,0.0046,16.17,0.86,0.03,0.21,82.73,23,1140.97,680.62,4203.42,3.35,83.82,0.54,13.57,0.00,0.43,0.01,1.05,4.42,0.02,0.06,0.70,0.43,0.0018,0.0063,0.49,2.17,0.05,0.23,97.06,24,9.17,21.56,4203.42,0.85,21.27,0.00,0.11,0.00,0.51,0.00,1.04,4.39,0.00,0.03,0.84,0.46,0.0008,0.0059,0.25,29.45,0.00,0.10,70.20,24,5.64,11.16,4203.42,1.01,25.27,0.00,0.07,,27.800
LinuxPCM,2024-12-03T15:27:16.977Z,0.17,1.66,0.10,1.02,4.27,0.02,26.00,1.00,0.96,0.0000,0.0046,0.01,0.01,5710.41,3437.90,4198.15,3.32,83.05,0.34,8.50,10.07,11.04,0.01,0.15,78.73,100.00,0.00,0.00,0.00,0.00,0.00,0.00,0.00,29.48,0.00,0.00,0.17,1.66,0.10,1.02,4.27,0.02,26.00,1.00,0.96,0.0000,0.0046,0.01,0.01,0.00,0.02,0.00,19,5710.41,3437.90,4198.15,3.32,83.05,0.34,8.50,10.07,11.04,0.01,0.15,78.73,100.00,0.00,0.00,0.00,0.00,0.00,0.00,0.00,29.48,18.30,0.00,0.00,0.31,0.00,1.03,4.31,0.00,0.03,0.95,0.24,0.0005,0.0104,0.24,16.70,0.00,0.09,82.98,22,3.16,10.17,4198.15,0.62,15.51,0.00,0.04,0.27,1.68,0.16,1.01,4.26,0.00,5.18,1.00,0.96,0.0000,0.0046,15.91,17.10,0.00,0.43,66.55,19,1138.64,677.66,4198.15,3.36,84.01,0.54,13.56,0.00,0.29,0.00,1.02,4.30,0.00,0.02,0.89,0.39,0.0007,0.0070,0.17,17.69,0.00,0.08,82.05,24,2.19,7.43,4198.15,0.59,14.74,0.00,0.03,0.27,1.67,0.16,1.02,4.28,0.00,5.16,1.00,0.96,0.0000,0.0045,15.92,0.73,0.02,0.02,83.31,22,1138.49,680.84,4198.15,3.34,83.61,0.54,13.56,0.27,1.66,0.16,1.04,4.36,0.00,5.19,1.00,0.96,0.0000,0.0045,15.81,1.12,0.00,0.09,82.98,22,1145.16,689.59,4198.15,3.32,83.03,0.55,13.64,0.27,1.68,0.16,1.00,4.19,0.00,5.21,1.00,0.96,0.0000,0.0046,16.19,16.82,0.00,0.43,66.55,19,1139.93,678.41,4198.15,3.36,84.02,0.54,13.58,0.27,1.66,0.16,1.01,4.25,0.00,5.19,1.00,0.96,0.0000,0.0046,16.14,1.72,0.00,0.08,82.06,24,1138.74,684.75,4198.15,3.33,83.15,0.54,13.56,0.00,0.45,0.00,1.04,4.35,0.00,0.02,0.93,0.44,0.0003,0.0053,0.21,16.44,0.02,0.02,83.31,22,4.11,9.05,4198.15,0.91,22.73,0.00,0.05,,27.800
LinuxPCM,2024-12-03T15:27:17.977Z,0.12,1.66,0.07,1.02,4.28,0.01,19.16,1.00,0.96,0.0000,0.0046,0.01,0.01,4166.37,2511.77,4201.64,3.32,82.94,0.25,6.20,7.33,8.25,0.01,0.05,84.36,100.00,0.00,0.00,0.00,0.00,0.00,0.00,0.00,24.85,0.00,0.00,0.12,1.66,0.07,1.02,4.28,0.01,19.16,1.00,0.96,0.0000,0.0046,0.01,0.01,0.00,0.02,0.00, 0,4166.37,2511.77,4201.64,3.32,82.94,0.25,6.20,7.33,8.25,0.01,0.05,84.36,100.00,0.00,0.00,0.00,0.00,0.00,0.00,0.00,24.85,13.70,0.00,0.00,0.43,0.00,1.03,4.35,0.00,0.03,0.93,0.32,0.0004,0.0064,0.21,16.51,0.00,0.07,83.21,17,4.02,9.32,4201.64,0.86,21.57,0.00,0.05,0.26,1.68,0.15,1.01,4.24,0.00,5.03,1.00,0.96,0.0000,0.0046,15.21,0.49,0.03,0.06,84.21, 0,1081.49,645.30,4201.64,3.35,83.80,0.51,12.87,0.00,0.35,0.00,1.04,4.38,0.00,0.02,0.87,0.39,0.0007,0.0065,0.19,13.20,0.00,0.00,86.62, 3,2.92,8.23,4201.64,0.71,17.75,0.00,0.03,0.27,1.68,0.16,1.02,4.29,0.00,5.24,1.00,0.96,0.0000,0.0046,15.81,0.72,0.00,0.08,83.40,18,1138.17,678.15,4201.64,3.36,83.92,0.54,13.54,0.27,1.67,0.16,1.04,4.36,0.00,5.17,1.00,0.96,0.0000,0.0045,15.66,1.06,0.00,0.07,83.21,17,1139.44,682.53,4201.64,3.34,83.47,0.54,13.56,0.00,0.15,0.00,1.03,4.32,0.00,0.00,0.89,0.30,0.0013,0.0139,0.04,15.66,0.03,0.06,84.21, 0,0.28,1.82,4201.64,0.30,7.57,0.00,0.00,0.19,1.66,0.11,1.00,4.22,0.00,3.66,1.00,0.96,0.0000,0.0046,11.42,1.97,0.00,0.00,86.61, 3,798.13,481.55,4201.64,3.31,82.87,0.38,9.50,0.00,0.39,0.00,1.05,4.40,0.00,0.01,0.92,0.41,0.0005,0.0066,0.11,16.41,0.00,0.08,83.40,18,1.92,4.87,4201.64,0.79,19.73,0.00,0.02,,27.800
LinuxPCM,2024-12-03T15:27:18.977Z,0.11,1.65,0.07,1.01,4.25,0.02,17.64,1.00,0.96,0.0000,0.0046,0.01,0.01,3840.33,2324.65,4198.55,3.30,82.60,0.23,5.72,6.85,7.57,0.01,0.20,85.38,100.00,0.00,0.00,0.00,0.00,0.00,0.00,0.00,25.02,0.00,0.00,0.11,1.65,0.07,1.01,4.25,0.02,17.64,1.00,0.96,0.0000,0.0046,0.01,0.01,0.00,0.02,0.00,22,3840.33,2324.65,4198.55,3.30,82.60,0.23,5.72,6.85,7.57,0.01,0.20,85.38,100.00,0.00,0.00,0.00,0.00,0.00,0.00,0.00,25.02,13.83,0.00,0.00,0.29,0.00,1.03,4.31,0.00,0.03,0.90,0.23,0.0008,0.0095,0.25,1.08,0.02,0.46,98.19,23,3.16,10.74,4198.55,0.59,14.73,0.00,0.04,0.02,1.53,0.01,0.99,4.15,0.00,0.31,1.00,0.96,0.0000,0.0048,1.03,16.45,0.00,0.05,82.47,22,65.53,42.97,4198.55,3.05,76.25,0.03,0.78,0.00,0.30,0.00,1.01,4.26,0.00,0.01,0.89,0.41,0.0006,0.0059,0.16,6.42,0.00,0.18,93.24,24,2.11,6.95,4198.55,0.61,15.14,0.00,0.03,0.54,1.68,0.32,1.02,4.28,0.01,10.48,1.00,0.96,0.0000,0.0046,31.82,0.44,0.00,0.13,67.62,23,2282.09,1361.93,4198.55,3.35,83.78,1.09,27.18,0.00,0.49,0.00,1.00,4.19,0.00,0.02,0.88,0.48,0.0004,0.0043,0.26,1.07,0.02,0.46,98.18,23,5.41,11.09,4198.55,0.98,24.39,0.00,0.06,0.27,1.69,0.16,1.00,4.19,0.00,5.21,1.00,0.96,0.0000,0.0046,16.11,1.37,0.00,0.05,82.47,22,1139.08,674.70,4198.55,3.38,84.41,0.54,13.57,0.08,1.60,0.05,1.00,4.22,0.00,1.57,1.00,0.96,0.0000,0.0046,5.06,1.52,0.00,0.18,93.24,24,342.64,213.64,4198.55,3.21,80.19,0.16,4.08,0.00,0.11,0.00,1.02,4.28,0.00,0.00,0.88,0.29,0.0018,0.0154,0.06,32.19,0.00,0.13,67.62,23,0.30,2.64,4198.55,0.23,5.73,0.00,0.00,,27.800
LinuxPCM,2024-12-03T15:27:19.978Z,0.14,1.66,0.08,1.01,4.26,0.01,20.85,1.00,0.96,0.0000,0.0046,0.01,0.01,4571.69,2759.28,4202.42,3.31,82.84,0.27,6.80,8.09,8.71,0.00,0.13,83.07,100.00,0.00,0.00,0.00,0.00,0.00,0.00,0.00,26.28,0.00,0.00,0.14,1.66,0.08,1.01,4.26,0.01,20.85,1.00,0.96,0.0000,0.0046,0.01,0.01,0.00,0.02,0.00,21,4571.69,2759.28,4202.42,3.31,82.84,0.27,6.80,8.09,8.71,0.00,0.13,83.07,100.00,0.00,0.00,0.00,0.00,0.00,0.00,0.00,26.28,15.09,0.00,0.00,0.54,0.00,1.02,4.27,0.00,0.03,0.87,0.45,0.0005,0.0045,0.31,16.39,0.00,0.28,83.02,22,7.07,13.19,4202.42,1.07,26.81,0.00,0.08,0.27,1.68,0.16,1.00,4.22,0.00,5.18,1.00,0.96,0.0000,0.0046,16.01,0.31,0.00,0.04,83.64,21,1137.90,675.67,4202.42,3.37,84.21,0.54,13.54,0.00,0.27,0.00,1.03,4.31,0.00,0.02,0.89,0.32,0.0010,0.0094,0.17,17.52,0.00,0.00,82.31,23,2.00,7.30,4202.42,0.55,13.68,0.00,0.02,0.27,1.67,0.16,1.02,4.27,0.00,5.22,1.00,0.96,0.0000,0.0046,16.00,0.51,0.00,0.19,83.30,22,1140.09,682.86,4202.42,3.34,83.48,0.54,13.56,0.27,1.66,0.16,1.03,4.35,0.00,5.17,1.00,0.96,0.0000,0.0045,15.77,0.93,0.00,0.28,83.02,22,1142.01,686.03,4202.42,3.33,83.23,0.54,13.59,0.00,0.12,0.00,1.03,4.31,0.00,0.00,0.87,0.26,0.0017,0.0148,0.06,16.26,0.00,0.04,83.64,21,0.31,2.51,4202.42,0.25,6.19,0.00,0.00,0.27,1.67,0.16,1.00,4.21,0.00,5.21,1.00,0.96,0.0000,0.0046,16.24,1.45,0.00,0.00,82.31,23,1138.76,683.64,4202.42,3.33,83.29,0.54,13.55,0.00,0.44,0.00,1.01,4.25,0.00,0.02,0.91,0.46,0.0004,0.0050,0.19,16.32,0.00,0.19,83.30,22,3.55,8.08,4202.42,0.88,22.00,0.00,0.04,,27.800
LinuxPCM,2024-12-03T15:27:20.978Z,0.10,1.65,0.06,1.02,4.27,0.01,14.64,1.00,0.96,0.0000,0.0046,0.01,0.01,3198.66,1935.47,4201.75,3.31,82.63,0.19,4.76,5.67,6.52,0.00,0.06,87.76,100.00,0.00,0.00,0.00,0.00,0.00,0.00,0.00,22.99,0.00,0.00,0.10,1.65,0.06,1.02,4.27,0.01,14.64,1.00,0.96,0.0000,0.0046,0.01,0.01,0.00,0.01,0.00, 0,3198.66,1935.47,4201.75,3.31,82.63,0.19,4.76,5.67,6.52,0.00,0.06,87.76,100.00,0.00,0.00,0.00,0.00,0.00,0.00,0.00,22.99,11.83,0.00,0.00,0.20,0.00,1.02,4.29,0.00,0.02,0.96,0.23,0.0006,0.0167,0.13,13.30,0.00,0.06,86.51, 0,1.09,5.36,4201.75,0.41,10.15,0.00,0.01,0.00,0.49,0.00,1.04,4.39,0.00,0.01,0.88,0.44,0.0005,0.0052,0.13,16.55,0.00,0.00,83.33,20,2.73,5.61,4201.75,0.97,24.32,0.00,0.03,0.00,0.44,0.00,1.05,4.40,0.00,0.02,0.87,0.44,0.0005,0.0048,0.22,1.92,0.00,0.08,97.77,21,4.33,9.83,4201.75,0.88,22.02,0.00,0.05,0.27,1.68,0.16,1.02,4.28,0.00,5.22,1.00,0.96,0.0000,0.0046,15.83,0.65,0.00,0.08,83.43,20,1138.05,677.89,4201.75,3.36,83.94,0.54,13.54,0.22,1.66,0.13,1.04,4.35,0.00,4.13,1.00,0.96,0.0000,0.0045,12.61,0.81,0.00,0.06,86.51, 0,911.63,549.17,4201.75,3.32,83.00,0.43,10.85,0.27,1.69,0.16,1.00,4.18,0.00,5.20,1.00,0.96,0.0000,0.0046,16.07,0.60,0.00,0.00,83.33,20,1137.77,672.75,4201.75,3.38,84.56,0.54,13.54,0.00,0.11,0.00,1.04,4.38,0.00,0.02,0.97,0.24,0.0005,0.0178,0.23,1.91,0.00,0.08,97.77,21,1.18,10.25,4201.75,0.23,5.74,0.00,0.01,0.00,0.41,0.00,1.05,4.43,0.00,0.01,0.92,0.41,0.0005,0.0065,0.10,16.38,0.00,0.08,83.43,20,1.89,4.61,4201.75,0.82,20.50,0.00,0.02,,27.800
LinuxPCM,2024-12-03T15:27:21.979Z,0.17,1.66,0.10,1.01,4.23,0.02,26.37,1.00,0.96,0.0000,0.0046,0.01,0.01,5688.68,3421.42,4202.18,3.33,83.13,0.34,8.46,10.10,10.96,0.00,0.12,78.82,100.00,0.00,0.00,0.00,0.00,0.00,0.00,0.00,29.88,0.00,0.00,0.17,1.66,0.10,1.01,4.23,0.02,26.37,1.00,0.96,0.0000,0.0046,0.01,0.01,0.00,0.02,0.00, 0,5688.68,3421.42,4202.18,3.33,83.13,0.34,8.46,10.10,10.96,0.00,0.12,78.82,100.00,0.00,0.00,0.00,0.00,0.00,0.00,0.00,29.88,18.71,0.00,0.00,0.38,0.00,1.02,4.28,0.00,0.04,0.87,0.34,0.0009,0.0075,0.34,4.46,0.00,0.26,94.93,19,5.57,14.76,4202.18,0.76,18.88,0.00,0.07,0.27,1.67,0.16,1.01,4.23,0.00,5.23,1.00,0.96,0.0000,0.0046,16.17,16.79,0.00,0.04,67.00,20,1143.06,683.45,4202.18,3.34,83.62,0.54,13.60,0.00,0.51,0.00,1.04,4.39,0.00,0.03,0.84,0.51,0.0006,0.0042,0.34,17.54,0.00,0.10,82.02,20,7.68,14.97,4202.18,1.03,25.65,0.00,0.09,0.48,1.68,0.29,1.02,4.27,0.00,9.28,1.00,0.96,0.0000,0.0046,28.10,0.48,0.00,0.08,71.34, 0,2018.51,1201.60,4202.18,3.36,83.99,0.96,24.02,0.06,1.60,0.04,1.01,4.25,0.00,1.09,1.00,0.96,0.0000,0.0046,3.48,1.32,0.00,0.26,94.93,19,236.75,148.15,4202.18,3.20,79.90,0.11,2.82,0.27,1.68,0.16,1.00,4.19,0.00,5.20,1.00,0.96,0.0000,0.0046,16.11,16.85,0.00,0.04,67.00,20,1137.90,675.57,4202.18,3.37,84.22,0.54,13.54,0.27,1.68,0.16,1.00,4.20,0.00,5.49,1.00,0.96,0.0000,0.0048,16.15,1.74,0.00,0.10,82.02,20,1138.78,679.11,4202.18,3.35,83.84,0.54,13.55,0.00,0.11,0.00,1.02,4.28,0.00,0.01,0.86,0.27,0.0019,0.0155,0.09,28.50,0.00,0.08,71.33, 0,0.43,3.82,4202.18,0.22,5.57,0.00,0.01,,27.800
LinuxPCM,2024-12-03T15:27:22.978Z,0.13,1.66,0.08,1.01,4.25,0.01,19.55,1.00,0.96,0.0000,0.0046,0.01,0.00,4286.18,2589.24,4197.64,3.31,82.77,0.26,6.38,7.62,8.31,0.00,0.13,83.94,100.00,0.00,0.00,0.00,0.00,0.00,0.00,0.00,25.60,0.00,0.00,0.13,1.66,0.08,1.01,4.25,0.01,19.55,1.00,0.96,0.0000,0.0046,0.01,0.00,0.00,0.02,0.00, 0,4286.18,2589.24,4197.64,3.31,82.77,0.26,6.38,7.62,8.31,0.00,0.13,83.94,100.00,0.00,0.00,0.00,0.00,0.00,0.00,0.00,25.60,14.42,0.00,0.00,0.34,0.00,1.01,4.26,0.00,0.02,0.91,0.27,0.0007,0.0087,0.20,16.23,0.00,0.27,83.30,19,2.82,8.32,4197.64,0.68,16.93,0.00,0.03,0.27,1.67,0.16,1.00,4.21,0.00,5.24,1.00,0.96,0.0000,0.0046,16.26,0.61,0.00,0.07,83.06,19,1145.29,684.62,4197.64,3.35,83.65,0.55,13.64,0.00,0.45,0.00,1.02,4.30,0.00,0.03,0.89,0.44,0.0004,0.0048,0.28,17.69,0.00,0.10,81.93,20,5.43,11.99,4197.64,0.91,22.64,0.00,0.06,0.20,1.67,0.12,1.02,4.27,0.00,3.88,1.00,0.96,0.0000,0.0045,12.00,0.43,0.00,0.10,87.47, 0,854.18,512.81,4197.64,3.33,83.28,0.41,10.17,0.27,1.67,0.16,1.03,4.33,0.00,5.18,1.00,0.96,0.0000,0.0045,15.69,0.73,0.00,0.27,83.30,19,1137.85,679.44,4197.64,3.35,83.73,0.54,13.55,0.00,0.12,0.00,1.02,4.28,0.00,0.01,0.89,0.25,0.0015,0.0157,0.06,16.81,0.00,0.07,83.06,19,0.34,2.73,4197.64,0.25,6.13,0.00,0.00,0.27,1.66,0.16,1.00,4.20,0.00,5.18,1.00,0.96,0.0000,0.0046,16.31,1.66,0.00,0.10,81.93,20,1138.71,684.28,4197.64,3.33,83.20,0.54,13.56,0.00,0.31,0.00,1.02,4.29,0.00,0.01,0.88,0.41,0.0007,0.0064,0.12,12.31,0.00,0.10,87.47, 0,1.57,5.05,4197.64,0.62,15.50,0.00,0.02,,27.800
LinuxPCM,2024-12-03T15:27:23.979Z,0.08,1.65,0.05,1.01,4.23,0.01,12.98,1.00,0.96,0.0000,0.0046,0.01,0.00,2837.69,1722.10,4202.56,3.30,82.39,0.17,4.22,5.09,5.77,0.00,0.14,89.01,100.00,0.00,0.00,0.00,0.00,0.00,0.00,0.00,21.56,0.00,0.00,0.08,1.65,0.05,1.01,4.23,0.01,12.98,1.00,0.96,0.0000,0.0046,0.01,0.00,0.00,0.01,0.00,22,2837.69,1722.10,4202.56,3.30,82.39,0.17,4.22,5.09,5.77,0.00,0.14,89.01,100.00,0.00,0.00,0.00,0.00,0.00,0.00,0.00,21.56,10.38,0.00,0.00,0.26,0.00,1.02,4.30,0.00,0.02,0.89,0.25,0.0010,0.0108,0.16,0.83,0.00,0.19,98.82,23,1.76,6.70,4202.56,0.52,13.11,0.00,0.02,0.00,0.64,0.00,1.02,4.30,0.00,0.02,0.85,0.56,0.0005,0.0036,0.25,16.32,0.00,0.21,83.23,22,6.86,10.64,4202.56,1.29,32.23,0.00,0.08,0.00,0.46,0.00,1.02,4.29,0.00,0.02,0.92,0.49,0.0003,0.0045,0.21,1.82,0.02,0.15,97.80,24,4.15,9.05,4202.56,0.92,22.93,0.00,0.05,0.40,1.68,0.24,1.01,4.24,0.00,7.67,1.00,0.96,0.0000,0.0046,23.55,0.28,0.00,0.00,76.18,24,1679.88,1000.03,4202.56,3.36,83.99,0.80,19.98,0.00,0.58,0.00,1.02,4.28,0.00,0.02,0.87,0.49,0.0004,0.0036,0.22,0.76,0.00,0.19,98.82,23,5.57,9.57,4202.56,1.16,29.08,0.00,0.07,0.27,1.69,0.16,1.00,4.20,0.00,5.20,1.00,0.96,0.0000,0.0046,16.02,0.55,0.00,0.21,83.22,22,1137.72,673.14,4202.56,3.38,84.51,0.54,13.54,0.00,0.13,0.00,1.04,4.39,0.00,0.02,0.95,0.25,0.0008,0.0167,0.24,1.78,0.02,0.15,97.81,24,1.36,10.72,4202.56,0.25,6.33,0.00,0.02,0.00,0.18,0.00,1.01,4.26,0.00,0.01,0.84,0.33,0.0020,0.0132,0.05,23.77,0.00,0.00,76.18,24,0.40,2.26,4202.56,0.35,8.82,0.00,0.00,,27.800
LinuxPCM,2024-12-03T15:27:24.978Z,0.17,1.66,0.10,1.01,4.24,0.02,26.09,1.00,0.96,0.0000,0.0046,0.01,0.01,5710.89,3434.24,4198.92,3.33,83.15,0.34,8.50,10.13,10.82,0.01,0.27,78.77,100.00,0.00,0.00,0.00,0.00,0.00,0.00,0.00,30.13,0.00,0.00,0.17,1.66,0.10,1.01,4.24,0.02,26.09,1.00,0.96,0.0000,0.0046,0.01,0.01,0.00,0.02,0.00, 3,5710.89,3434.24,4198.92,3.33,83.15,0.34,8.50,10.13,10.82,0.01,0.27,78.77,100.00,0.00,0.00,0.00,0.00,0.00,0.00,0.00,30.13,18.96,0.00,0.00,0.31,0.00,1.01,4.24,0.00,0.03,0.88,0.24,0.0009,0.0090,0.25,16.76,0.05,0.64,82.31,19,3.37,10.76,4198.92,0.63,15.66,0.00,0.04,0.27,1.67,0.16,1.01,4.23,0.00,5.22,1.00,0.96,0.0000,0.0046,16.19,16.58,0.00,0.11,67.13, 3,1145.06,684.39,4198.92,3.35,83.66,0.55,13.63,0.00,0.29,0.00,1.04,4.35,0.00,0.02,0.89,0.40,0.0007,0.0071,0.18,17.46,0.00,0.27,82.09,21,2.31,7.93,4198.92,0.58,14.56,0.00,0.03,0.27,1.68,0.16,1.01,4.25,0.00,5.22,1.00,0.96,0.0000,0.0046,15.97,0.39,0.00,0.06,83.58,19,1137.97,678.74,4198.92,3.35,83.83,0.54,13.55,0.27,1.66,0.16,1.03,4.33,0.00,5.18,1.00,0.96,0.0000,0.0045,15.87,1.15,0.05,0.64,82.30,19,1143.13,687.46,4198.92,3.33,83.14,0.54,13.61,0.27,1.69,0.16,1.00,4.19,0.00,5.20,1.00,0.96,0.0000,0.0046,16.11,16.65,0.00,0.11,67.13, 3,1137.95,674.32,4198.92,3.38,84.38,0.54,13.55,0.27,1.66,0.16,1.00,4.21,0.00,5.21,1.00,0.96,0.0000,0.0046,16.35,1.30,0.00,0.27,82.09,21,1140.69,687.47,4198.92,3.32,82.96,0.54,13.58,0.00,0.13,0.00,1.02,4.29,0.00,0.01,0.86,0.30,0.0017,0.0131,0.07,16.29,0.00,0.06,83.58,19,0.42,3.16,4198.92,0.26,6.57,0.00,0.00,,27.800
LinuxPCM,2024-12-03T15:27:25.978Z,0.12,1.66,0.07,1.01,4.25,0.01,17.99,1.00,0.96,0.0000,0.0046,0.01,0.01,3940.01,2378.44,4197.69,3.31,82.83,0.23,5.87,7.00,7.81,0.00,0.13,85.07,100.00,0.00,0.00,0.00,0.00,0.00,0.00,0.00,24.79,0.00,0.00,0.12,1.66,0.07,1.01,4.25,0.01,17.99,1.00,0.96,0.0000,0.0046,0.01,0.01,0.00,0.02,0.00, 0,3940.01,2378.44,4197.69,3.31,82.83,0.23,5.87,7.00,7.81,0.00,0.13,85.07,100.00,0.00,0.00,0.00,0.00,0.00,0.00,0.00,24.79,13.61,0.00,0.00,0.38,0.00,1.02,4.30,0.00,0.02,0.87,0.30,0.0009,0.0074,0.20,16.70,0.00,0.32,82.78,18,3.23,8.54,4197.69,0.76,18.88,0.00,0.04,0.27,1.68,0.16,1.00,4.22,0.00,5.21,1.00,0.96,0.0000,0.0046,16.08,0.52,0.00,0.00,83.40, 0,1139.44,677.67,4197.69,3.36,84.07,0.54,13.57,0.00,0.42,0.00,1.04,4.39,0.00,0.02,0.91,0.43,0.0004,0.0055,0.23,8.94,0.00,0.09,90.74, 5,4.23,9.99,4197.69,0.85,21.15,0.00,0.05,0.01,1.56,0.01,1.07,4.49,0.00,0.26,1.00,0.95,0.0000,0.0054,0.70,15.86,0.00,0.10,83.35,18,48.52,31.19,4197.69,3.11,77.78,0.02,0.58,0.27,1.66,0.16,1.03,4.32,0.00,5.19,1.00,0.96,0.0000,0.0045,15.95,0.95,0.00,0.32,82.79,18,1145.21,689.04,4197.69,3.32,83.10,0.55,13.64,0.00,0.12,0.00,1.02,4.29,0.00,0.00,0.88,0.26,0.0017,0.0157,0.05,16.56,0.00,0.00,83.40, 0,0.25,2.06,4197.69,0.24,6.06,0.00,0.00,0.12,1.64,0.07,0.99,4.16,0.00,2.35,1.00,0.96,0.0000,0.0046,7.45,1.72,0.00,0.09,90.74, 5,508.00,309.71,4197.69,3.28,82.01,0.24,6.05,0.26,1.68,0.15,1.01,4.24,0.00,4.93,1.00,0.96,0.0000,0.0045,15.33,1.22,0.00,0.10,83.35,18,1091.13,650.25,4197.69,3.36,83.90,0.52,13.00,,27.800
LinuxPCM,2024-12-03T15:27:26.979Z,0.12,1.65,0.07,1.01,4.22,0.01,18.62,1.00,0.96,0.0000,0.0046,0.01,0.01,4065.52,2457.66,4202.88,3.31,82.71,0.24,6.05,7.27,8.00,0.01,0.20,84.52,100.00,0.00,0.00,0.00,0.00,0.00,0.00,0.00,25.54,0.00,0.00,0.12,1.65,0.07,1.01,4.22,0.01,18.62,1.00,0.96,0.0000,0.0046,0.01,0.01,0.00,0.02,0.00,21,4065.52,2457.66,4202.88,3.31,82.71,0.24,6.05,7.27,8.00,0.01,0.20,84.52,100.00,0.00,0.00,0.00,0.00,0.00,0.00,0.00,25.54,14.36,0.00,0.00,0.23,0.00,1.02,4.28,0.00,0.03,0.88,0.23,0.0012,0.0125,0.24,1.14,0.00,0.40,98.23,22,2.41,10.35,4202.88,0.46,11.62,0.00,0.03,0.00,0.30,0.00,1.01,4.23,0.00,0.02,0.96,0.85,0.0005,0.0133,0.10,16.40,0.00,0.00,83.50,21,1.27,4.22,4202.88,0.60,15.02,0.00,0.02,0.00,0.50,0.00,1.00,4.22,0.00,0.03,0.87,0.48,0.0005,0.0041,0.31,10.41,0.03,0.23,89.02,24,6.52,12.98,4202.88,1.00,25.11,0.00,0.08,0.27,1.67,0.16,1.01,4.24,0.00,5.22,1.00,0.96,0.0000,0.0046,16.10,16.38,0.00,0.18,67.34,23,1140.43,683.23,4202.88,3.34,83.46,0.54,13.57,0.00,0.45,0.00,0.98,4.13,0.00,0.02,0.92,0.49,0.0003,0.0046,0.23,1.15,0.00,0.40,98.23,22,4.22,9.34,4202.88,0.90,22.60,0.00,0.05,0.27,1.69,0.16,1.00,4.19,0.00,5.21,1.00,0.96,0.0000,0.0046,16.08,0.42,0.00,0.00,83.50,21,1139.06,673.35,4202.88,3.38,84.58,0.54,13.55,0.15,1.64,0.09,1.01,4.23,0.00,2.89,1.00,0.96,0.0000,0.0046,9.11,1.60,0.03,0.23,89.02,24,633.70,385.84,4202.88,3.28,82.12,0.30,7.54,0.27,1.68,0.16,1.01,4.24,0.00,5.22,1.00,0.96,0.0000,0.0046,15.97,16.51,0.00,0.18,67.34,23,1137.92,678.35,4202.88,3.35,83.87,0.54,13.54,,27.800
LinuxPCM,2024-12-03T15:27:27.978Z,0.14,1.65,0.08,1.01,4.24,0.02,20.90,1.00,0.96,0.0000,0.0046,0.01,0.01,4573.42,2766.81,4198.77,3.31,82.65,0.27,6.81,8.16,8.88,0.00,0.27,82.69,100.00,0.00,0.00,0.00,0.00,0.00,0.00,0.00,26.74,0.00,0.00,0.14,1.65,0.08,1.01,4.24,0.02,20.90,1.00,0.96,0.0000,0.0046,0.01,0.01,0.00,0.02,0.00,21,4573.42,2766.81,4198.77,3.31,82.65,0.27,6.81,8.16,8.88,0.00,0.27,82.69,100.00,0.00,0.00,0.00,0.00,0.00,0.00,0.00,26.74,15.57,0.00,0.00,0.42,0.00,1.01,4.24,0.00,0.04,0.88,0.37,0.0006,0.0062,0.36,16.67,0.02,0.73,82.23,22,6.41,15.24,4198.77,0.84,21.03,0.00,0.08,0.27,1.69,0.16,1.00,4.21,0.00,5.22,1.00,0.96,0.0000,0.0046,16.06,0.44,0.00,0.03,83.46,21,1139.19,675.99,4198.77,3.37,84.26,0.54,13.57,0.00,0.26,0.00,1.02,4.27,0.00,0.02,0.89,0.32,0.0010,0.0097,0.19,17.61,0.00,0.00,82.19,23,2.15,8.26,4198.77,0.52,13.04,0.00,0.03,0.27,1.67,0.16,1.01,4.23,0.00,5.21,1.00,0.96,0.0000,0.0046,16.17,0.64,0.00,0.33,82.86,22,1139.94,683.28,4198.77,3.34,83.42,0.54,13.57,0.27,1.67,0.16,1.03,4.32,0.00,5.18,1.00,0.96,0.0000,0.0045,15.88,1.15,0.02,0.73,82.23,22,1142.91,686.25,4198.77,3.33,83.27,0.54,13.61,0.00,0.12,0.00,1.03,4.31,0.00,0.01,0.87,0.26,0.0016,0.0151,0.07,16.43,0.00,0.03,83.46,21,0.36,3.05,4198.77,0.24,5.93,0.00,0.00,0.27,1.66,0.16,1.00,4.20,0.00,5.20,1.00,0.96,0.0000,0.0046,16.33,1.48,0.00,0.00,82.19,23,1138.91,686.33,4198.77,3.32,82.97,0.54,13.56,0.00,0.42,0.00,1.00,4.19,0.00,0.02,0.91,0.46,0.0004,0.0050,0.20,16.61,0.00,0.33,82.86,22,3.54,8.42,4198.77,0.84,21.01,0.00,0.04,,27.800
LinuxPCM,2024-12-03T15:27:28.979Z,0.10,1.65,0.06,1.01,4.24,0.01,15.67,1.00,0.96,0.0000,0.0046,0.01,0.01,3433.63,2080.61,4201.94,3.30,82.51,0.20,5.11,6.14,7.01,0.00,0.07,86.79,100.00,0.00,0.00,0.00,0.00,0.00,0.00,0.00,23.64,0.00,0.00,0.10,1.65,0.06,1.01,4.24,0.01,15.67,1.00,0.96,0.0000,0.0046,0.01,0.01,0.00,0.02,0.00,21,3433.63,2080.61,4201.94,3.30,82.51,0.20,5.11,6.14,7.01,0.00,0.07,86.79,100.00,0.00,0.00,0.00,0.00,0.00,0.00,0.00,23.64,12.46,0.00,0.00,0.31,0.00,0.98,4.13,0.00,0.02,0.91,0.30,0.0007,0.0095,0.19,16.55,0.00,0.18,83.07,22,2.48,8.03,4201.94,0.62,15.42,0.00,0.03,0.00,0.67,0.00,1.04,4.37,0.00,0.03,0.86,0.55,0.0004,0.0033,0.34,16.79,0.00,0.00,82.88,22,9.83,14.74,4201.94,1.33,33.36,0.00,0.12,0.00,0.36,0.00,1.01,4.23,0.00,0.02,0.85,0.41,0.0007,0.0055,0.20,1.93,0.00,0.00,97.87,23,2.96,8.30,4201.94,0.71,17.83,0.00,0.04,0.00,0.33,0.00,0.96,4.03,0.00,0.01,0.92,0.40,0.0005,0.0065,0.12,16.45,0.00,0.09,83.34,23,1.60,4.88,4201.94,0.66,16.42,0.00,0.02,0.27,1.67,0.16,1.03,4.31,0.00,5.16,1.00,0.96,0.0000,0.0045,15.79,0.95,0.00,0.18,83.07,22,1139.37,681.21,4201.94,3.35,83.63,0.54,13.56,0.27,1.69,0.16,0.99,4.17,0.00,5.20,1.00,0.96,0.0000,0.0046,16.13,0.99,0.00,0.00,82.88,22,1137.86,673.64,4201.94,3.38,84.46,0.54,13.54,0.00,0.12,0.00,1.04,4.36,0.00,0.02,0.94,0.24,0.0011,0.0174,0.26,1.87,0.00,0.00,97.87,23,1.33,11.25,4201.94,0.24,5.90,0.00,0.02,0.27,1.68,0.16,1.01,4.22,0.00,5.21,1.00,0.96,0.0000,0.0046,16.07,0.51,0.00,0.09,83.34,23,1138.21,678.57,4201.94,3.35,83.87,0.54,13.54,,27.800
LinuxPCM,2024-12-03T15:27:29.979Z,0.17,1.66,0.10,1.00,4.21,0.01,25.69,1.00,0.96,0.0000,0.0046,0.01,0.01,5623.95,3387.46,4201.94,3.32,83.01,0.33,8.37,10.05,10.95,0.00,0.16,78.85,100.00,0.00,0.00,0.00,0.00,0.00,0.00,0.00,29.79,0.00,0.00,0.17,1.66,0.10,1.00,4.21,0.01,25.69,1.00,0.96,0.0000,0.0046,0.01,0.01,0.00,0.02,0.00, 0,5623.95,3387.46,4201.94,3.32,83.01,0.33,8.37,10.05,10.95,0.00,0.16,78.85,100.00,0.00,0.00,0.00,0.00,0.00,0.00,0.00,29.79,18.63,0.00,0.00,0.18,0.00,1.01,4.23,0.00,0.03,0.93,0.21,0.0009,0.0151,0.25,1.56,0.00,0.35,97.84,19,1.86,10.51,4201.94,0.35,8.86,0.00,0.02,0.27,1.67,0.16,1.00,4.21,0.00,5.23,1.00,0.96,0.0000,0.0046,16.20,16.82,0.00,0.08,66.91,19,1142.03,682.42,4201.94,3.35,83.68,0.54,13.59,0.00,0.33,0.00,1.03,4.33,0.00,0.02,0.87,0.38,0.0007,0.0066,0.20,17.49,0.00,0.11,82.20,20,2.82,8.54,4201.94,0.66,16.51,0.00,0.03,0.27,1.67,0.16,1.00,4.22,0.00,5.15,1.00,0.96,0.0000,0.0045,16.21,15.27,0.00,0.09,68.43, 0,1139.45,683.74,4201.94,3.33,83.32,0.54,13.56,0.00,0.58,0.00,1.05,4.40,0.00,0.03,0.85,0.51,0.0005,0.0037,0.35,1.45,0.00,0.35,97.84,19,9.01,15.55,4201.94,1.16,28.99,0.00,0.11,0.27,1.69,0.16,0.99,4.17,0.00,5.21,1.00,0.96,0.0000,0.0046,16.16,16.86,0.00,0.08,66.91,19,1137.89,674.71,4201.94,3.37,84.32,0.54,13.54,0.27,1.66,0.16,1.00,4.21,0.00,5.20,1.00,0.96,0.0000,0.0046,16.22,1.46,0.00,0.11,82.20,20,1138.71,684.05,4201.94,3.33,83.23,0.54,13.55,0.25,1.68,0.15,1.01,4.24,0.00,4.82,1.00,0.96,0.0000,0.0046,14.82,16.66,0.00,0.09,68.43, 0,1052.16,627.94,4201.94,3.35,83.78,0.50,12.52,,27.800
LinuxPCM,2024-12-03T15:27:30.980Z,0.12,1.65,0.07,1.01,4.25,0.02,18.46,1.00,0.96,0.0000,0.0046,0.01,0.01,4033.41,2440.50,4201.84,3.31,82.63,0.24,6.00,7.18,8.09,0.02,0.18,84.53,100.00,0.00,0.00,0.00,0.00,0.00,0.00,0.00,25.25,0.00,0.00,0.12,1.65,0.07,1.01,4.25,0.02,18.46,1.00,0.96,0.0000,0.0046,0.01,0.01,0.00,0.02,0.00, 0,4033.41,2440.50,4201.84,3.31,82.63,0.24,6.00,7.18,8.09,0.02,0.18,84.53,100.00,0.00,0.00,0.00,0.00,0.00,0.00,0.00,25.25,14.05,0.00,0.00,0.29,0.00,1.01,4.26,0.00,0.02,0.88,0.27,0.0011,0.0098,0.21,16.66,0.00,0.38,82.75,18,2.54,8.89,4201.84,0.57,14.30,0.00,0.03,0.27,1.67,0.16,1.00,4.19,0.00,5.22,1.00,0.96,0.0000,0.0046,16.30,0.78,0.00,0.11,82.82,19,1144.31,683.94,4201.84,3.35,83.66,0.54,13.62,0.03,1.60,0.02,1.01,4.22,0.00,0.54,1.00,0.96,0.0000,0.0046,1.73,16.30,0.06,0.10,81.80,20,117.22,73.14,4201.84,3.21,80.13,0.06,1.39,0.14,1.66,0.09,1.02,4.28,0.00,2.79,1.00,0.96,0.0000,0.0046,8.46,0.64,0.00,0.14,90.76, 0,601.05,362.54,4201.84,3.32,82.89,0.29,7.15,0.27,1.67,0.16,1.03,4.31,0.00,5.17,1.00,0.96,0.0000,0.0045,15.87,1.01,0.00,0.38,82.75,18,1140.50,684.07,4201.84,3.33,83.36,0.54,13.57,0.00,0.12,0.00,1.02,4.30,0.00,0.01,0.89,0.26,0.0016,0.0157,0.07,17.01,0.00,0.11,82.82,19,0.36,2.89,4201.84,0.25,6.15,0.00,0.00,0.24,1.65,0.15,1.00,4.22,0.00,4.71,1.00,0.96,0.0000,0.0046,14.75,3.28,0.06,0.10,81.80,20,1027.12,622.11,4201.84,3.30,82.55,0.49,12.22,0.00,0.10,0.00,1.02,4.29,0.00,0.00,0.84,0.30,0.0020,0.0143,0.07,9.03,0.00,0.14,90.76, 0,0.30,2.91,4201.84,0.21,5.18,0.00,0.00,,27.800
LinuxPCM,2024-12-03T15:27:31.979Z,0.11,1.65,0.07,1.01,4.22,0.01,17.17,1.00,0.96,0.0000,0.0046,0.01,0.01,3758.49,2278.17,4197.41,3.30,82.49,0.22,5.60,6.75,7.38,0.00,0.29,85.58,100.00,0.00,0.00,0.00,0.00,0.00,0.00,0.00,24.45,0.00,0.00,0.11,1.65,0.07,1.01,4.22,0.01,17.17,1.00,0.96,0.0000,0.0046,0.01,0.01,0.00,0.02,0.00, 0,3758.49,2278.17,4197.41,3.30,82.49,0.22,5.60,6.75,7.38,0.00,0.29,85.58,100.00,0.00,0.00,0.00,0.00,0.00,0.00,0.00,24.45,13.30,0.00,0.00,0.37,0.00,1.01,4.24,0.00,0.03,0.90,0.35,0.0006,0.0076,0.27,12.16,0.00,0.30,87.26, 0,4.36,11.64,4197.41,0.75,18.72,0.00,0.05,0.00,0.59,0.00,1.01,4.23,0.00,0.03,0.83,0.55,0.0006,0.0038,0.28,16.51,0.00,0.32,82.89,19,7.01,11.84,4197.41,1.18,29.60,0.00,0.08,0.00,0.10,0.00,1.02,4.27,0.00,0.01,0.92,0.31,0.0009,0.0126,0.11,1.91,0.01,0.52,97.44,21,0.49,4.76,4197.41,0.21,5.18,0.00,0.01,0.42,1.68,0.25,1.00,4.20,0.00,8.03,1.00,0.96,0.0000,0.0046,25.01,0.25,0.00,0.00,74.75,20,1762.70,1050.47,4197.41,3.36,83.90,0.84,21.00,0.20,1.66,0.12,1.03,4.33,0.00,3.82,1.00,0.96,0.0000,0.0045,11.67,0.77,0.00,0.30,87.26, 0,840.35,505.34,4197.41,3.33,83.15,0.40,10.01,0.27,1.69,0.16,0.99,4.17,0.00,5.20,1.00,0.96,0.0000,0.0046,16.17,0.61,0.00,0.32,82.89,19,1137.84,673.83,4197.41,3.38,84.43,0.54,13.55,0.00,0.30,0.00,1.02,4.29,0.00,0.04,0.95,0.37,0.0003,0.0074,0.41,1.61,0.01,0.52,97.44,21,5.28,17.61,4197.41,0.60,15.01,0.00,0.06,0.00,0.17,0.00,1.01,4.24,0.00,0.01,0.88,0.27,0.0018,0.0159,0.06,25.19,0.00,0.00,74.75,20,0.46,2.67,4197.41,0.34,8.59,0.00,0.01,,27.800
LinuxPCM,2024-12-03T15:27:32.980Z,0.13,1.66,0.08,1.00,4.21,0.01,20.42,1.00,0.96,0.0000,0.0046,0.01,0.01,4460.39,2691.05,4203.00,3.31,82.87,0.27,6.63,7.98,8.59,0.01,0.20,83.23,100.00,0.00,0.00,0.00,0.00,0.00,0.00,0.00,26.10,0.00,0.00,0.13,1.66,0.08,1.00,4.21,0.01,20.42,1.00,0.96,0.0000,0.0046,0.01,0.01,0.00,0.02,0.00, 0,4460.39,2691.05,4203.00,3.31,82.87,0.27,6.63,7.98,8.59,0.01,0.20,83.23,100.00,0.00,0.00,0.00,0.00,0.00,0.00,0.00,26.10,14.90,0.00,0.00,0.37,0.00,1.01,4.25,0.00,0.03,0.90,0.42,0.0006,0.0074,0.29,4.95,0.00,0.15,94.61,20,4.53,12.27,4203.00,0.74,18.47,0.00,0.05,0.27,1.68,0.16,1.00,4.21,0.00,5.23,1.00,0.96,0.0000,0.0046,16.19,10.65,0.00,0.14,73.02, 0,1142.78,681.49,4203.00,3.35,83.84,0.54,13.60,0.27,1.67,0.16,1.00,4.21,0.00,5.19,1.00,0.96,0.0000,0.0045,16.27,1.50,0.02,0.33,81.88,22,1144.45,686.07,4203.00,3.34,83.41,0.54,13.61,0.27,1.68,0.16,1.01,4.22,0.00,5.22,1.00,0.96,0.0000,0.0046,16.07,0.36,0.00,0.18,83.40,20,1137.93,679.24,4203.00,3.35,83.76,0.54,13.54,0.07,1.63,0.04,1.00,4.22,0.00,1.38,1.00,0.96,0.0000,0.0046,4.39,0.85,0.00,0.15,94.61,20,302.58,185.42,4203.00,3.26,81.59,0.14,3.60,0.17,1.68,0.10,1.00,4.21,0.00,3.34,1.00,0.96,0.0000,0.0046,10.23,16.60,0.00,0.14,73.02, 0,725.80,430.98,4203.00,3.37,84.20,0.35,8.63,0.00,0.15,0.00,1.02,4.30,0.00,0.03,0.95,0.26,0.0008,0.0158,0.28,17.49,0.02,0.33,81.88,22,1.81,12.05,4203.00,0.30,7.52,0.00,0.02,0.00,0.14,0.00,1.01,4.26,0.00,0.01,0.86,0.26,0.0019,0.0150,0.08,16.35,0.00,0.18,83.40,20,0.51,3.53,4203.00,0.29,7.16,0.00,0.01,,27.800
LinuxPCM,2024-12-03T15:27:33.980Z,0.11,1.65,0.07,1.01,4.23,0.01,17.43,1.00,0.96,0.0000,0.0046,0.01,0.01,3828.31,2318.50,4201.98,3.30,82.56,0.23,5.69,6.85,7.58,0.00,0.19,85.38,100.00,0.00,0.00,0.00,0.00,0.00,0.00,0.00,24.65,0.00,0.00,0.11,1.65,0.07,1.01,4.23,0.01,17.43,1.00,0.96,0.0000,0.0046,0.01,0.01,0.00,0.02,0.00, 0,3828.31,2318.50,4201.98,3.30,82.56,0.23,5.69,6.85,7.58,0.00,0.19,85.38,100.00,0.00,0.00,0.00,0.00,0.00,0.00,0.00,24.65,13.49,0.00,0.00,0.44,0.00,1.01,4.23,0.00,0.03,0.87,0.25,0.0007,0.0064,0.23,16.42,0.00,0.16,83.19,19,4.23,9.70,4201.98,0.87,21.80,0.00,0.05,0.23,1.68,0.14,1.00,4.22,0.00,4.40,1.00,0.96,0.0000,0.0046,13.51,6.41,0.00,0.17,79.91, 0,959.67,570.38,4201.98,3.37,84.13,0.46,11.42,0.04,1.63,0.02,0.98,4.13,0.00,0.73,1.00,0.96,0.0000,0.0046,2.39,2.05,0.02,0.18,95.36, 6,160.92,98.61,4201.98,3.26,81.59,0.08,1.91,0.27,1.66,0.16,1.01,4.22,0.00,5.17,1.00,0.96,0.0000,0.0045,16.24,0.47,0.00,0.25,83.04,19,1141.53,686.00,4201.98,3.33,83.20,0.54,13.58,0.27,1.67,0.16,1.02,4.30,0.00,5.16,1.00,0.96,0.0000,0.0045,15.78,0.87,0.00,0.16,83.19,19,1137.89,679.50,4201.98,3.35,83.73,0.54,13.54,0.10,1.66,0.06,0.98,4.10,0.00,1.88,1.00,0.96,0.0000,0.0045,6.07,13.85,0.00,0.17,79.91, 0,413.97,249.11,4201.98,3.32,83.09,0.20,4.93,0.00,0.44,0.01,1.02,4.27,0.00,0.05,0.91,0.47,0.0004,0.0051,0.52,3.92,0.02,0.18,95.36, 6,9.60,22.03,4201.98,0.87,21.80,0.00,0.11,0.00,0.16,0.00,1.01,4.24,0.00,0.01,0.84,0.32,0.0018,0.0128,0.07,16.63,0.00,0.25,83.04,19,0.49,3.15,4201.98,0.31,7.76,0.00,0.01,,27.800
LinuxPCM,2024-12-03T15:27:34.981Z,0.14,1.66,0.08,1.00,4.21,0.02,20.98,1.00,0.96,0.0000,0.0046,0.01,0.01,4590.92,2773.70,4202.61,3.31,82.76,0.27,6.83,8.24,8.90,0.00,0.11,82.76,100.00,0.00,0.00,0.00,0.00,0.00,0.00,0.00,26.78,0.00,0.00,0.14,1.66,0.08,1.00,4.21,0.02,20.98,1.00,0.96,0.0000,0.0046,0.01,0.01,0.00,0.02,0.00,21,4590.92,2773.70,4202.61,3.31,82.76,0.27,6.83,8.24,8.90,0.00,0.11,82.76,100.00,0.00,0.00,0.00,0.00,0.00,0.00,0.00,26.78,15.58,0.00,0.00,0.28,0.00,1.01,4.24,0.00,0.03,0.91,0.29,0.0007,0.0095,0.28,0.96,0.00,0.16,98.60,22,3.35,11.77,4202.61,0.57,14.24,0.00,0.04,0.04,1.63,0.03,0.98,4.14,0.00,0.83,1.00,0.96,0.0000,0.0046,2.67,16.47,0.00,0.00,80.87,21,180.28,110.34,4202.61,3.27,81.70,0.09,2.14,0.23,1.68,0.14,1.00,4.22,0.00,4.44,1.00,0.96,0.0000,0.0045,13.78,1.67,0.00,0.20,84.35,23,977.20,582.04,4202.61,3.36,83.95,0.47,11.63,0.54,1.67,0.32,1.01,4.22,0.00,10.40,1.00,0.96,0.0000,0.0046,32.25,0.47,0.00,0.06,67.22,22,2280.03,1362.54,4202.61,3.35,83.67,1.09,27.13,0.00,0.29,0.00,1.00,4.20,0.00,0.01,0.91,0.41,0.0005,0.0065,0.15,1.08,0.00,0.16,98.60,22,1.86,6.42,4202.61,0.58,14.53,0.00,0.02,0.27,1.68,0.16,0.99,4.17,0.00,5.21,1.00,0.96,0.0000,0.0046,16.20,2.93,0.00,0.00,80.87,21,1139.11,676.25,4202.61,3.37,84.22,0.54,13.55,0.00,0.41,0.00,1.01,4.24,0.00,0.05,0.90,0.46,0.0005,0.0055,0.49,14.96,0.00,0.20,84.35,23,8.64,20.83,4202.61,0.83,20.74,0.00,0.10,0.00,0.12,0.00,1.01,4.26,0.00,0.01,0.84,0.28,0.0022,0.0156,0.08,32.64,0.00,0.06,67.22,22,0.44,3.51,4202.61,0.25,6.20,0.00,0.01,,27.800
LinuxPCM,2024-12-03T15:27:35.981Z,0.14,1.65,0.08,1.01,4.23,0.02,20.88,1.00,0.96,0.0000,0.0046,0.01,0.01,4579.64,2769.02,4202.40,3.31,82.69,0.27,6.81,8.18,8.84,0.00,0.12,82.85,100.00,0.00,0.00,0.00,0.00,0.00,0.00,0.00,26.75,0.00,0.00,0.14,1.65,0.08,1.01,4.23,0.02,20.88,1.00,0.96,0.0000,0.0046,0.01,0.01,0.00,0.02,0.00,20,4579.64,2769.02,4202.40,3.31,82.69,0.27,6.81,8.18,8.84,0.00,0.12,82.85,100.00,0.00,0.00,0.00,0.00,0.00,0.00,0.00,26.75,15.58,0.00,0.00,0.19,0.00,1.02,4.29,0.00,0.02,0.92,0.24,0.0010,0.0144,0.20,16.72,0.00,0.28,82.80,21,1.64,8.59,4202.40,0.38,9.56,0.00,0.02,0.27,1.68,0.16,1.00,4.19,0.01,5.23,1.00,0.96,0.0000,0.0046,16.21,0.41,0.00,0.04,83.34,20,1143.98,679.80,4202.40,3.37,84.14,0.54,13.61,0.27,1.68,0.16,1.00,4.21,0.00,5.16,1.00,0.96,0.0000,0.0045,16.12,1.67,0.00,0.01,82.20,22,1138.42,678.64,4202.40,3.35,83.87,0.54,13.55,0.27,1.66,0.16,1.00,4.22,0.00,5.24,1.00,0.96,0.0000,0.0046,16.31,0.47,0.00,0.15,83.07,21,1145.25,688.56,4202.40,3.33,83.16,0.55,13.63,0.27,1.66,0.16,1.02,4.29,0.00,5.18,1.00,0.96,0.0000,0.0045,16.07,0.85,0.00,0.28,82.80,21,1144.66,690.14,4202.40,3.32,82.93,0.54,13.62,0.00,0.11,0.00,1.02,4.29,0.00,0.00,0.85,0.27,0.0018,0.0144,0.07,16.55,0.00,0.04,83.34,20,0.34,3.01,4202.40,0.22,5.59,0.00,0.00,0.00,0.29,0.00,1.01,4.26,0.00,0.04,0.96,0.36,0.0003,0.0079,0.40,17.38,0.00,0.01,82.20,22,4.97,17.04,4202.40,0.58,14.59,0.00,0.06,0.00,0.12,0.00,1.02,4.27,0.00,0.01,0.85,0.28,0.0019,0.0149,0.08,16.70,0.00,0.15,83.07,21,0.38,3.25,4202.40,0.23,5.85,0.00,0.00,,27.800
LinuxPCM,2024-12-03T15:27:36.981Z,0.10,1.65,0.06,1.00,4.22,0.02,15.65,1.00,0.96,0.0000,0.0046,0.01,0.01,3434.98,2082.75,4198.19,3.30,82.46,0.20,5.11,6.17,6.92,0.00,0.13,86.77,100.00,0.00,0.00,0.00,0.00,0.00,0.00,0.00,23.42,0.00,0.00,0.10,1.65,0.06,1.00,4.22,0.02,15.65,1.00,0.96,0.0000,0.0046,0.01,0.01,0.00,0.02,0.00,21,3434.98,2082.75,4198.19,3.30,82.46,0.20,5.11,6.17,6.92,0.00,0.13,86.77,100.00,0.00,0.00,0.00,0.00,0.00,0.00,0.00,23.42,12.25,0.00,0.00,0.32,0.00,1.02,4.27,0.00,0.02,0.87,0.25,0.0010,0.0089,0.18,16.63,0.00,0.17,83.02,22,2.49,7.69,4198.19,0.65,16.17,0.00,0.03,0.00,0.67,0.00,1.06,4.43,0.00,0.03,0.85,0.55,0.0004,0.0033,0.31,16.59,0.00,0.03,83.06,21,9.23,13.85,4198.19,1.33,33.31,0.00,0.11,0.00,0.17,0.00,1.04,4.35,0.00,0.01,0.86,0.30,0.0010,0.0078,0.10,1.99,0.00,0.29,97.62,23,0.78,4.51,4198.19,0.35,8.63,0.00,0.01,0.27,1.68,0.16,1.00,4.20,0.00,5.16,1.00,0.96,0.0000,0.0045,16.16,0.41,0.00,0.05,83.39,22,1137.76,678.36,4198.19,3.35,83.86,0.54,13.55,0.27,1.66,0.16,1.02,4.29,0.00,5.18,1.00,0.96,0.0000,0.0045,16.01,0.80,0.00,0.17,83.02,22,1141.99,686.04,4198.19,3.33,83.23,0.54,13.60,0.27,1.69,0.16,0.99,4.16,0.00,5.21,1.00,0.96,0.0000,0.0046,16.20,0.70,0.00,0.03,83.06,21,1137.84,673.51,4198.19,3.38,84.47,0.54,13.55,0.00,0.23,0.00,1.04,4.37,0.00,0.03,0.89,0.36,0.0010,0.0100,0.33,1.76,0.00,0.29,97.62,23,3.29,14.39,4198.19,0.46,11.44,0.00,0.04,0.00,0.36,0.00,1.04,4.39,0.00,0.01,0.91,0.40,0.0005,0.0066,0.10,16.46,0.00,0.05,83.39,22,1.60,4.39,4198.19,0.73,18.19,0.00,0.02,,27.800
LinuxPCM,2024-12-03T15:27:37.981Z,0.16,1.66,0.09,1.00,4.21,0.02,23.89,1.00,0.96,0.0000,0.0046,0.01,0.01,5222.24,3145.11,4201.53,3.32,83.02,0.31,7.77,9.34,10.20,0.00,0.17,80.28,100.00,0.00,0.00,0.00,0.00,0.00,0.00,0.00,28.45,0.00,0.00,0.16,1.66,0.09,1.00,4.21,0.02,23.89,1.00,0.96,0.0000,0.0046,0.01,0.01,0.00,0.02,0.00, 0,5222.24,3145.11,4201.53,3.32,83.02,0.31,7.77,9.34,10.20,0.00,0.17,80.28,100.00,0.00,0.00,0.00,0.00,0.00,0.00,0.00,28.45,17.28,0.00,0.00,0.19,0.00,1.01,4.23,0.00,0.03,0.93,0.23,0.0009,0.0151,0.23,1.22,0.00,0.21,98.33,19,1.87,9.90,4201.53,0.38,9.46,0.00,0.02,0.27,1.68,0.16,1.00,4.20,0.00,5.22,1.00,0.96,0.0000,0.0046,16.20,16.70,0.00,0.03,67.06,18,1141.31,680.08,4201.53,3.36,83.91,0.54,13.58,0.27,1.67,0.16,1.00,4.21,0.00,5.19,1.00,0.96,0.0000,0.0045,16.20,1.74,0.02,0.30,81.75,20,1140.32,681.65,4201.53,3.35,83.64,0.54,13.57,0.43,1.68,0.25,1.01,4.23,0.00,8.18,1.00,0.96,0.0000,0.0046,25.22,0.66,0.00,0.15,73.97, 0,1789.17,1067.17,4201.53,3.35,83.83,0.85,21.29,0.00,0.47,0.00,1.04,4.36,0.00,0.02,0.87,0.41,0.0005,0.0046,0.24,1.21,0.00,0.21,98.33,19,4.88,10.46,4201.53,0.93,23.34,0.00,0.06,0.27,1.69,0.16,0.99,4.18,0.00,5.20,1.00,0.96,0.0000,0.0046,16.14,16.77,0.00,0.03,67.06,18,1137.86,674.15,4201.53,3.38,84.39,0.54,13.54,0.00,0.35,0.00,1.04,4.36,0.00,0.04,0.92,0.43,0.0005,0.0065,0.42,17.52,0.02,0.30,81.75,20,6.41,18.20,4201.53,0.70,17.60,0.00,0.08,0.00,0.12,0.00,1.02,4.29,0.00,0.01,0.84,0.28,0.0021,0.0150,0.08,25.80,0.00,0.15,73.97, 0,0.43,3.51,4201.53,0.24,6.11,0.00,0.01,,27.800
LinuxPCM,2024-12-03T15:27:38.981Z,0.12,1.65,0.08,1.01,4.23,0.01,19.08,1.00,0.96,0.0000,0.0046,0.01,0.01,4175.67,2523.23,4197.63,3.31,82.74,0.25,6.22,7.47,8.25,0.01,0.12,84.15,100.00,0.00,0.00,0.00,0.00,0.00,0.00,0.00,25.41,0.00,0.00,0.12,1.65,0.08,1.01,4.23,0.01,19.08,1.00,0.96,0.0000,0.0046,0.01,0.01,0.00,0.02,0.00, 0,4175.67,2523.23,4197.63,3.31,82.74,0.25,6.22,7.47,8.25,0.01,0.12,84.15,100.00,0.00,0.00,0.00,0.00,0.00,0.00,0.00,25.41,14.23,0.00,0.06,1.62,0.04,1.04,4.36,0.00,1.22,1.00,0.96,0.0000,0.0047,3.63,16.75,0.03,0.20,79.39, 0,256.68,158.03,4197.63,3.25,81.21,0.12,3.06,0.27,1.67,0.16,1.00,4.20,0.00,5.23,1.00,0.96,0.0000,0.0046,16.29,0.62,0.00,0.06,83.03,18,1144.21,683.58,4197.63,3.35,83.69,0.55,13.63,0.27,1.68,0.16,1.00,4.20,0.00,5.19,1.00,0.96,0.0000,0.0046,16.13,1.86,0.03,0.21,81.78,20,1138.38,677.15,4197.63,3.36,84.06,0.54,13.56,0.12,1.65,0.07,0.99,4.15,0.00,2.23,1.00,0.96,0.0000,0.0045,7.15,0.44,0.00,0.00,92.41,19,489.79,296.78,4197.63,3.30,82.52,0.23,5.83,0.27,1.67,0.16,1.02,4.28,0.00,5.16,1.00,0.96,0.0000,0.0045,15.98,4.40,0.03,0.20,79.39, 0,1139.68,683.40,4197.63,3.34,83.38,0.54,13.58,0.00,0.12,0.00,1.01,4.26,0.00,0.01,0.87,0.26,0.0016,0.0141,0.07,16.84,0.00,0.06,83.03,18,0.36,2.92,4197.63,0.24,6.12,0.00,0.00,0.00,0.34,0.00,1.04,4.38,0.00,0.04,0.94,0.39,0.0004,0.0071,0.42,17.56,0.03,0.21,81.78,20,6.21,18.43,4197.63,0.67,16.86,0.00,0.07,0.00,0.12,0.00,1.02,4.27,0.00,0.01,0.86,0.28,0.0018,0.0144,0.07,7.52,0.00,0.00,92.41,19,0.36,2.93,4197.63,0.24,6.07,0.00,0.00,,27.800
LinuxPCM,2024-12-03T15:27:39.981Z,0.13,1.65,0.08,1.00,4.21,0.01,19.61,1.00,0.96,0.0000,0.0045,0.01,0.01,4318.64,2611.52,4202.64,3.31,82.68,0.26,6.42,7.74,8.44,0.01,0.38,83.43,100.00,0.00,0.00,0.00,0.00,0.00,0.00,0.00,26.30,0.00,0.00,0.13,1.65,0.08,1.00,4.21,0.01,19.61,1.00,0.96,0.0000,0.0045,0.01,0.01,0.00,0.02,0.00,19,4318.64,2611.52,4202.64,3.31,82.68,0.26,6.42,7.74,8.44,0.01,0.38,83.43,100.00,0.00,0.00,0.00,0.00,0.00,0.00,0.00,26.30,15.13,0.00,0.00,0.41,0.00,1.02,4.30,0.00,0.03,0.86,0.28,0.0009,0.0070,0.24,29.27,0.00,0.61,69.87,19,4.29,10.46,4202.64,0.82,20.53,0.00,0.05,0.00,0.20,0.00,1.01,4.26,0.00,0.01,0.86,0.34,0.0011,0.0096,0.09,16.62,0.00,0.32,82.97,20,0.78,3.87,4202.64,0.41,10.13,0.00,0.01,0.00,0.12,0.00,1.01,4.25,0.00,0.01,0.90,0.27,0.0012,0.0141,0.13,1.86,0.03,0.54,97.43,21,0.68,5.58,4202.64,0.24,6.12,0.00,0.01,0.27,1.68,0.16,1.00,4.20,0.00,5.15,1.00,0.96,0.0000,0.0045,16.15,0.36,0.00,0.04,83.45,21,1137.86,679.18,4202.64,3.35,83.77,0.54,13.54,0.48,1.67,0.29,1.01,4.24,0.00,9.20,1.00,0.96,0.0000,0.0045,28.53,0.99,0.00,0.61,69.87,19,2026.28,1210.68,4202.64,3.35,83.68,0.96,24.11,0.27,1.68,0.16,0.99,4.18,0.00,5.17,1.00,0.96,0.0000,0.0045,16.26,0.45,0.00,0.32,82.97,20,1140.95,679.62,4202.64,3.36,83.94,0.54,13.57,0.00,0.38,0.00,1.02,4.28,0.00,0.04,0.92,0.43,0.0004,0.0055,0.45,1.54,0.03,0.54,97.43,21,7.41,19.40,4202.64,0.76,19.11,0.00,0.09,0.00,0.14,0.00,1.02,4.28,0.00,0.01,0.85,0.28,0.0021,0.0151,0.06,16.45,0.00,0.04,83.45,21,0.39,2.72,4202.64,0.29,7.18,0.00,0.00,,27.800
LinuxPCM,2024-12-03T15:27:40.981Z,0.11,1.65,0.06,1.00,4.22,0.02,16.43,1.00,0.96,0.0000,0.0046,0.01,0.01,3591.91,2174.95,4197.94,3.30,82.57,0.21,5.35,6.45,7.13,0.01,0.16,86.25,100.00,0.00,0.00,0.00,0.00,0.00,0.00,0.00,23.35,0.00,0.00,0.11,1.65,0.06,1.00,4.22,0.02,16.43,1.00,0.96,0.0000,0.0046,0.01,0.01,0.00,0.02,0.00, 0,3591.91,2174.95,4197.94,3.30,82.57,0.21,5.35,6.45,7.13,0.01,0.16,86.25,100.00,0.00,0.00,0.00,0.00,0.00,0.00,0.00,23.35,12.18,0.00,0.00,0.38,0.00,1.03,4.31,0.00,0.02,0.90,0.24,0.0007,0.0077,0.19,16.62,0.00,0.12,83.08,21,3.06,8.03,4197.94,0.76,19.08,0.00,0.04,0.27,1.67,0.16,1.00,4.20,0.00,5.24,1.00,0.96,0.0000,0.0046,16.32,2.64,0.00,0.25,80.79, 0,1145.42,684.70,4197.94,3.35,83.64,0.55,13.64,0.27,1.67,0.16,1.00,4.20,0.00,5.19,1.00,0.96,0.0000,0.0045,16.23,1.70,0.00,0.13,81.94,22,1141.40,682.32,4197.94,3.35,83.64,0.54,13.59,0.00,0.43,0.00,1.01,4.23,0.00,0.02,0.93,0.43,0.0003,0.0051,0.22,0.39,0.01,0.15,99.23,20,4.06,9.37,4197.94,0.87,21.68,0.00,0.05,0.27,1.67,0.16,1.01,4.22,0.00,5.16,1.00,0.96,0.0000,0.0045,16.14,0.67,0.01,0.12,83.06,21,1138.45,681.31,4197.94,3.34,83.55,0.54,13.56,0.04,1.66,0.02,1.05,4.41,0.00,0.77,1.00,0.96,0.0000,0.0049,2.16,16.80,0.00,0.25,80.79, 0,157.77,95.21,4197.94,3.31,82.85,0.08,1.88,0.00,0.13,0.00,1.04,4.37,0.00,0.03,0.95,0.24,0.0010,0.0181,0.25,17.68,0.00,0.13,81.93,22,1.40,11.01,4197.94,0.25,6.34,0.00,0.02,0.00,0.12,0.00,1.02,4.28,0.00,0.00,0.84,0.30,0.0020,0.0135,0.07,0.55,0.01,0.15,99.21,20,0.35,3.00,4197.94,0.23,5.78,0.00,0.00,,27.800
LinuxPCM,2024-12-03T15:27:41.981Z,0.12,1.65,0.07,1.01,4.22,0.01,18.15,1.00,0.96,0.0000,0.0046,0.01,0.01,3978.20,2404.12,4202.59,3.31,82.74,0.24,5.92,7.11,8.02,0.01,0.04,84.82,100.00,0.00,0.00,0.00,0.00,0.00,0.00,0.00,25.09,0.00,0.00,0.12,1.65,0.07,1.01,4.22,0.01,18.15,1.00,0.96,0.0000,0.0046,0.01,0.01,0.00,0.01,0.00, 0,3978.20,2404.12,4202.59,3.31,82.74,0.24,5.92,7.11,8.02,0.01,0.04,84.82,100.00,0.00,0.00,0.00,0.00,0.00,0.00,0.00,25.09,13.92,0.00,0.01,1.37,0.01,1.00,4.22,0.00,0.24,0.99,0.96,0.0000,0.0049,0.85,16.12,0.03,0.07,82.93,20,49.36,35.92,4202.59,2.75,68.71,0.02,0.59,0.40,1.69,0.24,1.00,4.19,0.00,7.68,1.00,0.96,0.0000,0.0046,23.82,0.62,0.00,0.00,75.55, 0,1685.00,999.11,4202.59,3.37,84.32,0.80,20.05,0.00,0.37,0.00,1.04,4.37,0.00,0.02,0.88,0.43,0.0005,0.0054,0.19,1.90,0.00,0.05,97.86,22,3.13,8.45,4202.59,0.74,18.50,0.00,0.04,0.27,1.66,0.16,1.00,4.22,0.00,5.22,1.00,0.96,0.0000,0.0046,16.32,0.72,0.03,0.03,82.90,19,1144.89,688.70,4202.59,3.32,83.12,0.54,13.62,0.26,1.67,0.16,1.02,4.28,0.00,4.94,1.00,0.96,0.0000,0.0045,15.30,1.67,0.02,0.07,82.95,20,1092.22,654.33,4202.59,3.34,83.46,0.52,13.00,0.00,0.23,0.00,1.03,4.31,0.00,0.01,0.94,0.76,0.0006,0.0116,0.07,24.37,0.00,0.00,75.56, 0,0.72,3.16,4202.59,0.46,11.39,0.00,0.01,0.00,0.21,0.00,1.03,4.32,0.00,0.02,0.96,0.26,0.0004,0.0095,0.28,1.81,0.00,0.05,97.87,22,2.50,11.93,4202.59,0.42,10.48,0.00,0.03,0.00,0.15,0.00,1.03,4.31,0.00,0.00,0.86,0.28,0.0015,0.0128,0.06,16.97,0.03,0.03,82.91,19,0.38,2.52,4202.59,0.30,7.57,0.00,0.00,,27.800
LinuxPCM,2024-12-03T15:27:42.981Z,0.15,1.66,0.09,1.00,4.21,0.02,23.71,1.00,0.96,0.0000,0.0046,0.01,0.01,5187.21,3128.50,4197.63,3.32,82.90,0.31,7.72,9.28,9.93,0.00,0.16,80.62,100.00,0.00,0.00,0.00,0.00,0.00,0.00,0.00,28.48,0.00,0.00,0.15,1.66,0.09,1.00,4.21,0.02,23.71,1.00,0.96,0.0000,0.0046,0.01,0.01,0.00,0.02,0.00, 0,5187.21,3128.50,4197.63,3.32,82.90,0.31,7.72,9.28,9.93,0.00,0.16,80.62,100.00,0.00,0.00,0.00,0.00,0.00,0.00,0.00,28.48,17.28,0.00,0.04,1.55,0.03,1.06,4.44,0.00,0.90,1.00,0.96,0.0000,0.0050,2.65,17.03,0.00,0.07,80.25, 0,181.57,117.49,4197.63,3.09,77.27,0.09,2.16,0.38,1.68,0.22,0.99,4.18,0.00,7.18,1.00,0.96,0.0000,0.0046,22.39,0.42,0.00,0.10,77.09,18,1574.83,934.64,4197.63,3.37,84.25,0.75,18.76,0.27,1.66,0.16,1.00,4.21,0.00,5.20,1.00,0.96,0.0000,0.0045,16.38,1.29,0.00,0.27,82.06,20,1146.35,689.01,4197.63,3.33,83.19,0.55,13.65,0.27,1.67,0.16,1.00,4.21,0.00,5.21,1.00,0.96,0.0000,0.0046,16.19,0.50,0.00,0.22,83.09,19,1139.22,681.76,4197.63,3.34,83.55,0.54,13.57,0.27,1.67,0.16,1.01,4.24,0.00,5.16,1.00,0.96,0.0000,0.0045,16.16,3.51,0.00,0.07,80.25, 0,1141.19,684.44,4197.63,3.33,83.37,0.54,13.59,0.00,0.17,0.00,1.02,4.26,0.00,0.01,0.93,0.27,0.0009,0.0150,0.08,22.73,0.00,0.10,77.09,18,0.61,3.57,4197.63,0.34,8.61,0.00,0.01,0.00,0.13,0.00,1.02,4.30,0.00,0.03,0.92,0.27,0.0012,0.0176,0.26,17.41,0.00,0.27,82.06,20,1.49,11.37,4197.63,0.26,6.57,0.00,0.02,0.00,0.31,0.00,1.00,4.21,0.00,0.01,0.89,0.39,0.0007,0.0071,0.15,16.54,0.00,0.22,83.09,19,1.95,6.22,4197.63,0.63,15.68,0.00,0.02,,27.800
LinuxPCM,2024-12-03T15:27:43.982Z,0.13,1.66,0.08,1.00,4.21,0.01,19.99,1.00,0.96,0.0000,0.0045,0.01,0.00,4394.18,2650.08,4202.75,3.32,82.91,0.26,6.53,7.86,8.41,0.00,0.23,83.51,100.00,0.00,0.00,0.00,0.00,0.00,0.00,0.00,25.89,0.00,0.00,0.13,1.66,0.08,1.00,4.21,0.01,19.99,1.00,0.96,0.0000,0.0045,0.01,0.00,0.00,0.01,0.00,19,4394.18,2650.08,4202.75,3.32,82.91,0.26,6.53,7.86,8.41,0.00,0.23,83.51,100.00,0.00,0.00,0.00,0.00,0.00,0.00,0.00,25.89,14.71,0.00,0.00,0.52,0.00,1.00,4.22,0.00,0.04,0.90,0.43,0.0005,0.0050,0.38,30.06,0.00,0.49,69.07,19,8.29,15.94,4202.75,1.04,25.99,0.00,0.10,0.27,1.69,0.16,1.00,4.20,0.00,5.21,1.00,0.96,0.0000,0.0046,16.06,0.39,0.02,0.06,83.47,21,1137.86,674.30,4202.75,3.37,84.37,0.54,13.54,0.27,1.68,0.16,1.00,4.21,0.00,5.17,1.00,0.96,0.0000,0.0045,16.05,1.38,0.00,0.00,82.57,22,1137.79,676.23,4202.75,3.37,84.13,0.54,13.54,0.00,0.58,0.00,0.99,4.15,0.00,0.02,0.86,0.53,0.0004,0.0033,0.28,0.46,0.00,0.35,98.91,21,6.78,11.68,4202.75,1.16,29.01,0.00,0.08,0.50,1.68,0.30,1.01,4.22,0.00,9.50,1.00,0.96,0.0000,0.0045,29.57,0.87,0.00,0.49,69.07,19,2098.48,1249.64,4202.75,3.36,83.96,1.00,24.97,0.00,0.16,0.00,1.02,4.28,0.00,0.01,0.91,0.28,0.0011,0.0140,0.07,16.37,0.02,0.06,83.47,21,0.49,3.14,4202.75,0.31,7.83,0.00,0.01,0.00,0.12,0.00,1.03,4.34,0.00,0.02,0.96,0.23,0.0007,0.0192,0.25,17.18,0.00,0.00,82.57,22,1.29,10.92,4202.75,0.24,5.93,0.00,0.02,0.00,0.39,0.00,0.99,4.18,0.00,0.02,0.89,0.43,0.0006,0.0057,0.20,0.54,0.00,0.35,98.91,21,3.21,8.23,4202.75,0.78,19.50,0.00,0.04,,27.800
LinuxPCM,2024-12-03T15:27:44.981Z,0.10,1.65,0.06,1.00,4.22,0.01,15.70,1.00,0.96,0.0000,0.0046,0.01,0.01,3433.48,2081.62,4198.03,3.30,82.47,0.20,5.11,6.17,6.81,0.00,0.08,86.94,100.00,0.00,0.00,0.00,0.00,0.00,0.00,0.00,23.31,0.00,0.00,0.10,1.65,0.06,1.00,4.22,0.01,15.70,1.00,0.96,0.0000,0.0046,0.01,0.01,0.00,0.02,0.00,21,3433.48,2081.62,4198.03,3.30,82.47,0.20,5.11,6.17,6.81,0.00,0.08,86.94,100.00,0.00,0.00,0.00,0.00,0.00,0.00,0.00,23.31,12.14,0.00,0.00,0.41,0.00,1.02,4.27,0.00,0.03,0.91,0.30,0.0006,0.0078,0.24,16.42,0.00,0.04,83.30,22,4.24,10.33,4198.03,0.82,20.53,0.00,0.05,0.27,1.68,0.16,1.00,4.18,0.00,5.21,1.00,0.96,0.0000,0.0046,16.22,0.39,0.00,0.07,83.31,21,1140.86,678.53,4198.03,3.36,84.07,0.54,13.59,0.00,0.35,0.00,1.01,4.25,0.00,0.02,0.91,0.41,0.0005,0.0058,0.19,1.75,0.00,0.06,98.00,23,2.81,8.05,4198.03,0.70,17.46,0.00,0.03,0.27,1.68,0.16,1.00,4.21,0.00,5.21,1.00,0.96,0.0000,0.0046,16.12,0.58,0.00,0.17,83.13,23,1137.77,677.83,4198.03,3.36,83.93,0.54,13.55,0.27,1.67,0.16,1.01,4.26,0.00,5.18,1.00,0.96,0.0000,0.0045,15.97,0.69,0.00,0.04,83.30,22,1137.75,680.17,4198.03,3.35,83.64,0.54,13.55,0.00,0.37,0.00,1.00,4.20,0.00,0.01,0.92,0.43,0.0004,0.0057,0.10,16.52,0.00,0.07,83.31,21,1.55,4.18,4198.03,0.74,18.60,0.00,0.02,0.00,0.12,0.00,1.04,4.35,0.00,0.02,0.93,0.27,0.0011,0.0172,0.25,1.69,0.00,0.06,98.00,23,1.34,10.91,4198.03,0.25,6.15,0.00,0.02,0.00,0.61,0.00,1.02,4.29,0.00,0.03,0.84,0.51,0.0005,0.0036,0.27,16.43,0.00,0.17,83.13,23,7.14,11.62,4198.03,1.23,30.73,0.00,0.09,,27.800
LinuxPCM,2024-12-03T15:27:45.982Z,0.14,1.66,0.08,1.00,4.21,0.02,21.41,1.00,0.96,0.0000,0.0046,0.01,0.01,4675.77,2815.58,4201.91,3.32,83.03,0.28,6.95,8.35,9.25,0.01,0.12,82.27,100.00,0.00,0.00,0.00,0.00,0.00,0.00,0.00,26.85,0.00,0.00,0.14,1.66,0.08,1.00,4.21,0.02,21.41,1.00,0.96,0.0000,0.0046,0.01,0.01,0.00,0.02,0.00, 0,4675.77,2815.58,4201.91,3.32,83.03,0.28,6.95,8.35,9.25,0.01,0.12,82.27,100.00,0.00,0.00,0.00,0.00,0.00,0.00,0.00,26.85,15.70,0.00,0.00,0.37,0.00,1.02,4.29,0.00,0.04,0.88,0.30,0.0008,0.0076,0.32,17.05,0.04,0.10,82.50,19,5.04,13.56,4201.91,0.74,18.60,0.00,0.06,0.54,1.69,0.32,1.00,4.19,0.00,10.41,1.00,0.96,0.0000,0.0046,32.14,0.87,0.00,0.37,66.63,18,2276.68,1347.85,4201.91,3.38,84.46,1.08,27.09,0.27,1.67,0.16,1.00,4.21,0.00,5.22,1.00,0.96,0.0000,0.0046,16.26,1.55,0.00,0.00,82.20,20,1144.35,684.13,4201.91,3.35,83.64,0.54,13.62,0.03,1.54,0.02,1.07,4.48,0.00,0.54,1.00,0.96,0.0000,0.0050,1.54,0.69,0.00,0.00,97.77, 0,106.83,69.16,4201.91,3.09,77.23,0.05,1.27,0.27,1.67,0.16,1.01,4.24,0.00,5.16,1.00,0.96,0.0000,0.0045,16.04,1.32,0.04,0.10,82.50,19,1138.07,680.18,4201.91,3.35,83.66,0.54,13.54,0.00,0.44,0.00,1.05,4.40,0.00,0.02,0.92,0.43,0.0004,0.0056,0.16,32.85,0.00,0.37,66.63,18,3.08,7.06,4201.91,0.87,21.79,0.00,0.04,0.00,0.12,0.00,1.02,4.30,0.00,0.02,0.96,0.23,0.0007,0.0190,0.24,17.56,0.00,0.00,82.20,20,1.23,10.53,4201.91,0.23,5.84,0.00,0.01,0.00,0.16,0.00,1.02,4.28,0.00,0.01,0.81,0.35,0.0020,0.0120,0.07,2.16,0.00,0.00,97.77, 0,0.49,3.11,4201.91,0.32,7.89,0.00,0.01,,27.800
LinuxPCM,2024-12-03T15:27:46.981Z,0.13,1.66,0.08,1.00,4.22,0.01,20.63,1.00,0.96,0.0000,0.0046,0.01,0.01,4521.24,2729.04,4197.66,3.31,82.84,0.27,6.73,8.10,8.88,0.00,0.10,82.92,100.00,0.00,0.00,0.00,0.00,0.00,0.00,0.00,26.38,0.00,0.00,0.13,1.66,0.08,1.00,4.22,0.01,20.63,1.00,0.96,0.0000,0.0046,0.01,0.01,0.00,0.02,0.00, 1,4521.24,2729.04,4197.66,3.31,82.84,0.27,6.73,8.10,8.88,0.00,0.10,82.92,100.00,0.00,0.00,0.00,0.00,0.00,0.00,0.00,26.38,15.19,0.00,0.00,0.32,0.00,1.03,4.31,0.00,0.04,0.91,0.30,0.0007,0.0090,0.29,17.48,0.01,0.34,81.88, 1,3.93,12.31,4197.66,0.64,15.95,0.00,0.05,0.19,1.67,0.11,1.01,4.23,0.00,3.65,1.00,0.96,0.0000,0.0046,11.23,5.51,0.00,0.00,83.27,19,794.08,474.26,4197.66,3.35,83.72,0.38,9.46,0.27,1.67,0.16,1.00,4.20,0.00,5.21,1.00,0.96,0.0000,0.0046,16.24,1.57,0.00,0.00,82.19,14,1141.51,682.38,4197.66,3.35,83.64,0.54,13.60,0.25,1.66,0.15,1.00,4.19,0.00,4.71,1.00,0.96,0.0000,0.0045,14.97,0.64,0.00,0.04,84.35,18,1041.94,627.63,4197.66,3.32,83.01,0.50,12.41,0.28,1.68,0.17,1.02,4.26,0.00,5.42,1.00,0.96,0.0000,0.0046,16.69,1.08,0.01,0.34,81.88, 1,1191.50,711.32,4197.66,3.35,83.75,0.57,14.19,0.08,1.67,0.05,0.98,4.13,0.00,1.57,1.00,0.96,0.0000,0.0045,5.02,11.71,0.00,0.00,83.27,19,346.64,206.99,4197.66,3.35,83.73,0.17,4.13,0.00,0.11,0.00,1.03,4.31,0.00,0.03,0.96,0.22,0.0007,0.0203,0.26,17.55,0.00,0.00,82.19,14,1.26,11.06,4197.66,0.23,5.70,0.00,0.02,0.00,0.12,0.00,1.03,4.31,0.00,0.01,0.90,0.24,0.0015,0.0160,0.07,15.54,0.00,0.04,84.35,18,0.38,3.10,4197.66,0.25,6.17,0.00,0.00,,27.800
LinuxPCM,2024-12-03T15:27:47.982Z,0.13,1.66,0.08,1.00,4.22,0.01,20.60,1.00,0.96,0.0000,0.0046,0.01,0.01,4518.84,2729.52,4202.60,3.31,82.78,0.27,6.72,8.09,8.65,0.00,0.21,83.05,100.00,0.00,0.00,0.00,0.00,0.00,0.00,0.00,26.64,0.00,0.00,0.13,1.66,0.08,1.00,4.22,0.01,20.60,1.00,0.96,0.0000,0.0046,0.01,0.01,0.00,0.02,0.00,20,4518.84,2729.52,4202.60,3.31,82.78,0.27,6.72,8.09,8.65,0.00,0.21,83.05,100.00,0.00,0.00,0.00,0.00,0.00,0.00,0.00,26.64,15.44,0.00,0.11,1.62,0.07,1.00,4.21,0.00,2.09,1.00,0.96,0.0000,0.0045,6.74,25.35,0.00,0.25,67.65,21,460.46,284.05,4202.60,3.24,81.05,0.22,5.48,0.27,1.67,0.16,1.00,4.18,0.00,5.22,1.00,0.96,0.0000,0.0046,16.34,0.42,0.02,0.00,83.23,21,1144.41,683.32,4202.60,3.35,83.74,0.54,13.62,0.00,0.37,0.00,1.01,4.25,0.00,0.02,0.89,0.45,0.0005,0.0054,0.20,1.49,0.00,0.57,97.74,22,3.08,8.41,4202.60,0.73,18.33,0.00,0.04,0.27,1.67,0.16,1.00,4.22,0.00,5.21,1.00,0.96,0.0000,0.0046,16.10,0.30,0.00,0.00,83.60,21,1137.80,679.70,4202.60,3.35,83.70,0.54,13.54,0.42,1.68,0.25,1.01,4.24,0.00,8.03,1.00,0.96,0.0000,0.0045,24.91,7.18,0.00,0.25,67.65,21,1770.15,1055.98,4202.60,3.35,83.82,0.84,21.06,0.00,0.12,0.00,1.02,4.27,0.00,0.00,0.83,0.30,0.0017,0.0126,0.05,16.70,0.02,0.00,83.23,21,0.25,2.19,4202.60,0.23,5.78,0.00,0.00,0.00,0.12,0.00,1.03,4.32,0.00,0.02,0.96,0.24,0.0006,0.0178,0.25,1.44,0.00,0.57,97.74,22,1.26,10.93,4202.60,0.23,5.78,0.00,0.02,0.00,0.29,0.00,1.01,4.26,0.00,0.01,0.88,0.35,0.0011,0.0104,0.12,16.29,0.00,0.00,83.60,21,1.42,4.94,4202.60,0.58,14.39,0.00,0.02,,27.800
LinuxPCM,2024-12-03T15:27:48.983Z,0.10,1.65,0.06,1.00,4.21,0.01,15.65,1.00,0.96,0.0000,0.0046,0.01,0.01,3434.39,2078.51,4202.26,3.30,82.62,0.20,5.11,6.17,6.78,0.00,0.04,87.02,100.00,0.00,0.00,0.00,0.00,0.00,0.00,0.00,22.80,0.00,0.00,0.10,1.65,0.06,1.00,4.21,0.01,15.65,1.00,0.96,0.0000,0.0046,0.01,0.01,0.00,0.02,0.00,21,3434.39,2078.51,4202.26,3.30,82.62,0.20,5.11,6.17,6.78,0.00,0.04,87.02,100.00,0.00,0.00,0.00,0.00,0.00,0.00,0.00,22.80,11.63,0.00,0.00,0.39,0.00,1.02,4.27,0.00,0.04,0.90,0.30,0.0008,0.0087,0.25,16.49,0.00,0.00,83.26,22,4.25,10.82,4202.26,0.79,19.64,0.00,0.05,0.00,0.57,0.00,1.01,4.26,0.00,0.02,0.91,0.46,0.0003,0.0039,0.19,16.40,0.00,0.00,83.41,21,4.60,8.09,4202.26,1.14,28.39,0.00,0.05,0.27,1.67,0.16,1.00,4.20,0.00,5.19,1.00,0.96,0.0000,0.0045,16.30,1.66,0.00,0.03,82.01,23,1144.31,684.42,4202.26,3.34,83.60,0.54,13.62,0.00,0.12,0.00,1.02,4.30,0.00,0.00,0.82,0.32,0.0020,0.0129,0.05,0.44,0.00,0.12,99.39,22,0.27,2.29,4202.26,0.23,5.80,0.00,0.00,0.27,1.67,0.16,1.01,4.24,0.00,5.16,1.00,0.96,0.0000,0.0045,16.05,0.69,0.00,0.00,83.26,22,1137.76,681.04,4202.26,3.34,83.53,0.54,13.54,0.27,1.69,0.16,1.00,4.18,0.00,5.20,1.00,0.96,0.0000,0.0046,16.08,0.51,0.00,0.00,83.41,21,1137.79,673.41,4202.26,3.38,84.48,0.54,13.54,0.00,0.12,0.00,1.04,4.38,0.00,0.02,0.97,0.23,0.0006,0.0194,0.23,17.73,0.00,0.03,82.01,23,1.18,10.09,4202.26,0.23,5.84,0.00,0.01,0.00,0.51,0.00,1.01,4.23,0.00,0.02,0.87,0.47,0.0005,0.0047,0.20,0.30,0.00,0.12,99.39,22,4.22,8.34,4202.26,1.01,25.32,0.00,0.05,,27.800
LinuxPCM,2024-12-03T15:27:49.982Z,0.12,1.64,0.07,1.00,4.22,0.04,17.77,1.00,0.96,0.0000,0.0046,0.04,0.03,3883.26,2360.72,4199.10,3.29,82.25,0.23,5.78,7.00,7.88,0.00,0.42,84.69,100.00,0.00,0.00,0.00,0.00,0.00,0.00,0.00,24.67,0.00,0.00,0.12,1.64,0.07,1.00,4.22,0.04,17.77,1.00,0.96,0.0000,0.0046,0.04,0.03,0.00,0.06,0.00, 0,3883.26,2360.72,4199.10,3.29,82.25,0.23,5.78,7.00,7.88,0.00,0.42,84.69,100.00,0.00,0.00,0.00,0.00,0.00,0.00,0.00,24.67,13.50,0.00,0.00,0.34,0.00,1.03,4.32,0.00,0.03,0.89,0.31,0.0008,0.0085,0.26,16.76,0.00,1.35,81.63,20,3.85,11.16,4199.10,0.69,17.24,0.00,0.05,0.27,1.68,0.16,0.99,4.18,0.00,5.23,1.00,0.96,0.0000,0.0046,16.27,6.74,0.00,0.12,76.87, 0,1141.86,679.68,4199.10,3.36,84.00,0.54,13.60,0.00,0.55,0.00,1.05,4.42,0.00,0.03,0.85,0.53,0.0005,0.0040,0.32,2.31,0.00,0.16,97.21,22,7.62,13.94,4199.10,1.09,27.33,0.00,0.09,0.27,1.67,0.16,1.00,4.22,0.00,5.22,1.00,0.96,0.0000,0.0046,16.22,0.65,0.00,0.07,83.06,19,1141.14,684.27,4199.10,3.34,83.38,0.54,13.59,0.27,1.67,0.16,1.01,4.22,0.00,5.16,1.00,0.96,0.0000,0.0045,16.10,0.91,0.00,1.35,81.63,20,1137.98,679.92,4199.10,3.35,83.68,0.54,13.55,0.10,1.68,0.06,1.02,4.27,0.00,2.04,1.00,0.96,0.0000,0.0046,6.11,16.90,0.00,0.12,76.87, 0,439.24,261.02,4199.10,3.37,84.14,0.21,5.23,0.00,0.40,0.01,1.02,4.28,0.02,0.05,0.63,0.39,0.0018,0.0047,0.64,1.99,0.00,0.16,97.21,22,10.93,27.37,4199.10,0.80,19.96,0.01,0.13,0.00,0.19,0.00,1.03,4.33,0.00,0.01,0.75,0.37,0.0026,0.0119,0.08,16.80,0.00,0.07,83.06,19,0.65,3.36,4199.10,0.39,9.74,0.00,0.01,,27.800
LinuxPCM,2024-12-03T15:27:50.982Z,0.17,1.66,0.10,1.00,4.20,0.01,25.37,1.00,0.96,0.0000,0.0046,0.01,0.01,5564.24,3342.71,4201.71,3.33,83.23,0.33,8.28,9.95,10.49,0.01,0.04,79.50,100.00,0.00,0.00,0.00,0.00,0.00,0.00,0.00,29.15,0.00,0.00,0.17,1.66,0.10,1.00,4.20,0.01,25.37,1.00,0.96,0.0000,0.0046,0.01,0.01,0.00,0.02,0.00, 0,5564.24,3342.71,4201.71,3.33,83.23,0.33,8.28,9.95,10.49,0.01,0.04,79.50,100.00,0.00,0.00,0.00,0.00,0.00,0.00,0.00,29.15,17.99,0.00,0.00,0.53,0.00,1.02,4.30,0.01,0.05,0.88,0.44,0.0005,0.0051,0.44,20.71,0.02,0.00,78.83, 0,10.13,19.00,4201.71,1.07,26.67,0.00,0.12,0.27,1.69,0.16,0.99,4.17,0.00,5.21,1.00,0.96,0.0000,0.0046,16.16,10.32,0.03,0.05,73.43,19,1137.93,674.74,4201.71,3.37,84.32,0.54,13.54,0.27,1.67,0.16,1.00,4.20,0.00,5.19,1.00,0.96,0.0000,0.0045,16.24,1.25,0.00,0.12,82.40,20,1141.55,682.24,4201.71,3.35,83.66,0.54,13.58,0.27,1.67,0.16,1.00,4.22,0.00,5.21,1.00,0.96,0.0000,0.0046,16.14,0.52,0.01,0.00,83.33,17,1140.63,681.05,4201.71,3.35,83.74,0.54,13.57,0.34,1.68,0.20,1.01,4.23,0.00,6.50,1.00,0.96,0.0000,0.0045,20.19,0.96,0.02,0.00,78.83, 0,1431.84,854.60,4201.71,3.35,83.77,0.68,17.04,0.17,1.69,0.10,0.98,4.11,0.00,3.17,1.00,0.96,0.0000,0.0045,10.07,16.42,0.03,0.05,73.43,19,698.98,414.38,4201.71,3.37,84.34,0.33,8.32,0.00,0.11,0.00,1.02,4.27,0.00,0.02,0.96,0.23,0.0007,0.0191,0.25,17.23,0.00,0.12,82.40,20,1.24,10.80,4201.71,0.23,5.73,0.00,0.01,0.00,0.33,0.00,1.03,4.32,0.00,0.01,0.90,0.41,0.0006,0.0068,0.14,16.52,0.01,0.00,83.33,17,1.94,5.90,4201.71,0.66,16.45,0.00,0.02,,27.800
LinuxPCM,2024-12-03T15:27:51.982Z,0.13,1.65,0.08,1.00,4.19,0.02,19.48,1.00,0.96,0.0000,0.0046,0.01,0.01,4278.05,2586.01,4198.46,3.31,82.72,0.25,6.37,7.71,8.28,0.00,0.13,83.87,100.00,0.00,0.00,0.00,0.00,0.00,0.00,0.00,25.34,0.00,0.00,0.13,1.65,0.08,1.00,4.19,0.02,19.48,1.00,0.96,0.0000,0.0046,0.01,0.01,0.00,0.02,0.00,18,4278.05,2586.01,4198.46,3.31,82.72,0.25,6.37,7.71,8.28,0.00,0.13,83.87,100.00,0.00,0.00,0.00,0.00,0.00,0.00,0.00,25.34,14.15,0.00,0.00,0.52,0.00,1.00,4.20,0.00,0.04,0.90,0.39,0.0005,0.0053,0.35,28.31,0.00,0.34,71.00,18,7.66,14.87,4198.46,1.03,25.76,0.00,0.09,0.00,0.16,0.00,1.01,4.24,0.00,0.01,0.87,0.30,0.0016,0.0140,0.08,16.54,0.00,0.07,83.31,20,0.54,3.46,4198.46,0.31,7.87,0.00,0.01,0.00,0.58,0.00,0.99,4.15,0.00,0.03,0.84,0.57,0.0005,0.0034,0.32,1.57,0.02,0.00,98.10,21,7.58,13.10,4198.46,1.16,28.93,0.00,0.09,0.27,1.67,0.16,0.99,4.14,0.00,5.16,1.00,0.96,0.0000,0.0045,16.43,0.38,0.00,0.10,83.09,20,1137.80,680.38,4198.46,3.34,83.62,0.54,13.55,0.47,1.68,0.28,1.01,4.23,0.00,8.98,1.00,0.96,0.0000,0.0045,27.89,0.77,0.00,0.34,71.00,18,1981.27,1180.23,4198.46,3.36,83.94,0.94,23.60,0.27,1.69,0.16,0.99,4.18,0.00,5.21,1.00,0.96,0.0000,0.0046,16.15,0.47,0.00,0.07,83.31,20,1137.89,674.15,4198.46,3.38,84.39,0.54,13.55,0.00,0.12,0.00,1.03,4.32,0.00,0.02,0.92,0.27,0.0012,0.0173,0.26,1.62,0.02,0.00,98.10,21,1.36,11.23,4198.46,0.24,6.05,0.00,0.02,0.00,0.46,0.00,0.99,4.15,0.00,0.02,0.87,0.44,0.0007,0.0057,0.21,16.60,0.00,0.10,83.09,20,3.95,8.59,4198.46,0.92,22.96,0.00,0.05,,27.800
LinuxPCM,2024-12-03T15:27:52.983Z,0.10,1.65,0.06,1.00,4.21,0.01,15.70,1.00,0.96,0.0000,0.0046,0.01,0.01,3434.01,2083.36,4202.36,3.30,82.41,0.20,5.11,6.19,6.91,0.00,0.04,86.86,100.00,0.00,0.00,0.00,0.00,0.00,0.00,0.00,23.16,0.00,0.00,0.10,1.65,0.06,1.00,4.21,0.01,15.70,1.00,0.96,0.0000,0.0046,0.01,0.01,0.00,0.02,0.00,21,3434.01,2083.36,4202.36,3.30,82.41,0.20,5.11,6.19,6.91,0.00,0.04,86.86,100.00,0.00,0.00,0.00,0.00,0.00,0.00,0.00,23.16,11.99,0.00,0.00,0.41,0.00,1.03,4.31,0.00,0.04,0.90,0.28,0.0007,0.0081,0.26,16.69,0.00,0.02,83.03,22,4.67,11.37,4202.36,0.82,20.56,0.00,0.06,0.27,1.68,0.16,1.00,4.18,0.00,5.22,1.00,0.96,0.0000,0.0046,16.26,0.37,0.00,0.04,83.34,21,1142.10,679.88,4202.36,3.36,83.99,0.54,13.59,0.00,0.11,0.00,1.03,4.32,0.00,0.01,0.87,0.29,0.0015,0.0134,0.10,1.88,0.00,0.09,97.93,23,0.46,4.35,4202.36,0.21,5.32,0.00,0.01,0.27,1.68,0.16,1.00,4.21,0.00,5.20,1.00,0.96,0.0000,0.0046,16.10,0.76,0.00,0.00,83.15,22,1137.78,677.91,4202.36,3.36,83.92,0.54,13.54,0.27,1.67,0.16,1.01,4.22,0.00,5.17,1.00,0.96,0.0000,0.0045,16.11,0.85,0.00,0.02,83.03,22,1137.77,680.62,4202.36,3.34,83.58,0.54,13.54,0.00,0.12,0.00,1.02,4.28,0.00,0.00,0.84,0.29,0.0016,0.0127,0.05,16.57,0.00,0.04,83.34,21,0.27,2.18,4202.36,0.24,6.12,0.00,0.00,0.00,0.25,0.00,1.03,4.31,0.00,0.03,0.93,0.35,0.0005,0.0088,0.35,1.63,0.00,0.09,97.93,23,3.76,14.93,4202.36,0.50,12.60,0.00,0.04,0.00,0.59,0.00,1.00,4.20,0.00,0.03,0.83,0.54,0.0006,0.0039,0.29,16.57,0.00,0.00,83.15,22,7.18,12.12,4202.36,1.18,29.62,0.00,0.09,,27.800
LinuxPCM,2024-12-03T15:27:53.982Z,0.13,1.66,0.08,1.00,4.20,0.01,19.77,1.00,0.96,0.0000,0.0046,0.01,0.01,4325.06,2612.80,4197.55,3.31,82.77,0.26,6.44,7.78,8.71,0.00,0.09,83.41,100.00,0.00,0.00,0.00,0.00,0.00,0.00,0.00,25.42,0.00,0.00,0.13,1.66,0.08,1.00,4.20,0.01,19.77,1.00,0.96,0.0000,0.0046,0.01,0.01,0.00,0.02,0.00, 0,4325.06,2612.80,4197.55,3.31,82.77,0.26,6.44,7.78,8.71,0.00,0.09,83.41,100.00,0.00,0.00,0.00,0.00,0.00,0.00,0.00,25.42,14.25,0.00,0.00,0.41,0.00,1.02,4.30,0.00,0.03,0.91,0.30,0.0006,0.0070,0.28,17.00,0.01,0.20,82.51,19,4.97,12.11,4197.55,0.82,20.52,0.00,0.06,0.21,1.68,0.13,1.00,4.20,0.00,4.10,1.00,0.96,0.0000,0.0046,12.72,16.73,0.00,0.11,70.43, 0,893.90,533.33,4197.55,3.35,83.80,0.43,10.65,0.00,0.56,0.00,1.05,4.41,0.00,0.03,0.87,0.55,0.0004,0.0037,0.35,1.88,0.00,0.04,97.73,21,8.67,15.37,4197.55,1.13,28.20,0.00,0.10,0.27,1.67,0.16,1.00,4.19,0.00,5.22,1.00,0.96,0.0000,0.0046,16.30,0.71,0.00,0.00,82.99,19,1139.86,682.43,4197.55,3.34,83.52,0.54,13.58,0.27,1.67,0.16,1.00,4.21,0.00,5.16,1.00,0.96,0.0000,0.0045,16.17,1.11,0.01,0.20,82.51,19,1137.92,681.13,4197.55,3.34,83.53,0.54,13.55,0.27,1.69,0.16,1.00,4.19,0.00,5.21,1.00,0.96,0.0000,0.0046,16.10,13.36,0.00,0.11,70.43, 0,1137.89,673.91,4197.55,3.38,84.42,0.54,13.55,0.00,0.11,0.00,1.03,4.31,0.00,0.02,0.96,0.23,0.0007,0.0180,0.26,1.97,0.00,0.04,97.73,21,1.22,11.08,4197.55,0.22,5.52,0.00,0.01,0.00,0.18,0.00,1.03,4.33,0.00,0.01,0.83,0.34,0.0018,0.0118,0.08,16.93,0.00,0.00,82.99,19,0.62,3.44,4197.55,0.36,9.09,0.00,0.01,,27.800
LinuxPCM,2024-12-03T15:27:54.983Z,0.13,1.65,0.08,1.00,4.20,0.02,19.38,1.00,0.96,0.0000,0.0046,0.01,0.01,4233.03,2562.36,4202.39,3.30,82.60,0.25,6.30,7.62,8.55,0.00,0.07,83.76,100.00,0.00,0.00,0.00,0.00,0.00,0.00,0.00,25.37,0.00,0.00,0.13,1.65,0.08,1.00,4.20,0.02,19.38,1.00,0.96,0.0000,0.0046,0.01,0.01,0.00,0.02,0.00, 0,4233.03,2562.36,4202.39,3.30,82.60,0.25,6.30,7.62,8.55,0.00,0.07,83.76,100.00,0.00,0.00,0.00,0.00,0.00,0.00,0.00,25.37,14.21,0.00,0.00,0.38,0.00,1.03,4.31,0.00,0.04,0.89,0.29,0.0008,0.0080,0.31,16.96,0.00,0.14,82.59,19,5.06,13.33,4202.39,0.76,19.00,0.00,0.06,0.06,1.62,0.04,0.98,4.11,0.00,1.15,1.00,0.96,0.0000,0.0046,3.75,16.73,0.00,0.11,79.41,18,249.65,154.17,4202.39,3.24,80.96,0.12,2.97,0.00,0.41,0.00,1.04,4.38,0.00,0.02,0.88,0.46,0.0005,0.0050,0.25,1.86,0.00,0.04,97.86,20,4.42,10.75,4202.39,0.82,20.55,0.00,0.05,0.40,1.67,0.24,1.00,4.21,0.00,7.78,1.00,0.96,0.0000,0.0046,24.08,0.73,0.00,0.00,75.18, 0,1695.35,1014.79,4202.39,3.34,83.53,0.81,20.17,0.27,1.67,0.16,1.01,4.22,0.00,5.16,1.00,0.96,0.0000,0.0045,16.08,1.19,0.00,0.14,82.59,19,1137.75,679.51,4202.39,3.35,83.72,0.54,13.54,0.27,1.69,0.16,0.99,4.18,0.00,5.21,1.00,0.96,0.0000,0.0046,16.15,4.33,0.00,0.11,79.41,18,1139.04,675.23,4202.39,3.37,84.35,0.54,13.55,0.00,0.11,0.00,1.03,4.31,0.00,0.02,0.96,0.24,0.0007,0.0179,0.26,1.84,0.00,0.04,97.86,20,1.23,11.27,4202.39,0.22,5.46,0.00,0.01,0.00,0.16,0.00,1.02,4.29,0.00,0.01,0.83,0.30,0.0022,0.0141,0.08,24.74,0.00,0.00,75.18, 0,0.53,3.32,4202.39,0.32,8.04,0.00,0.01,,27.800
LinuxPCM,2024-12-03T15:27:55.982Z,0.15,1.66,0.09,1.00,4.20,0.01,23.51,1.00,0.96,0.0000,0.0046,0.01,0.01,5158.35,3116.40,4198.23,3.31,82.76,0.31,7.68,9.27,9.88,0.00,0.11,80.74,100.00,0.00,0.00,0.00,0.00,0.00,0.00,0.00,27.94,0.00,0.00,0.15,1.66,0.09,1.00,4.20,0.01,23.51,1.00,0.96,0.0000,0.0046,0.01,0.01,0.00,0.02,0.00,19,5158.35,3116.40,4198.23,3.31,82.76,0.31,7.68,9.27,9.88,0.00,0.11,80.74,100.00,0.00,0.00,0.00,0.00,0.00,0.00,0.00,27.94,16.75,0.00,0.00,0.45,0.00,1.02,4.28,0.00,0.04,0.89,0.40,0.0006,0.0061,0.34,32.75,0.00,0.36,66.55,19,6.67,14.68,4198.23,0.91,22.71,0.00,0.08,0.27,1.68,0.16,0.99,4.18,0.00,5.23,1.00,0.96,0.0000,0.0046,16.37,0.44,0.00,0.00,83.20,20,1144.39,683.20,4198.23,3.35,83.75,0.55,13.63,0.00,0.34,0.00,1.01,4.26,0.00,0.02,0.92,0.43,0.0004,0.0057,0.22,1.58,0.00,0.10,98.10,21,3.23,9.50,4198.23,0.68,17.02,0.00,0.04,0.41,1.67,0.25,1.00,4.21,0.00,7.86,1.00,0.96,0.0000,0.0046,24.49,0.40,0.00,0.00,75.11,21,1724.50,1030.57,4198.23,3.35,83.67,0.82,20.54,0.54,1.68,0.32,1.00,4.21,0.00,10.31,1.00,0.96,0.0000,0.0045,32.26,0.83,0.00,0.36,66.55,19,2276.57,1358.38,4198.23,3.35,83.80,1.08,27.11,0.00,0.11,0.00,1.01,4.25,0.00,0.00,0.84,0.28,0.0018,0.0136,0.07,16.73,0.00,0.00,83.20,20,0.33,2.96,4198.23,0.22,5.58,0.00,0.00,0.00,0.11,0.00,1.02,4.30,0.00,0.02,0.96,0.24,0.0007,0.0177,0.27,1.54,0.00,0.10,98.10,21,1.28,11.67,4198.23,0.22,5.50,0.00,0.02,0.00,0.25,0.00,1.01,4.25,0.00,0.02,0.91,0.35,0.0009,0.0110,0.13,24.77,0.00,0.00,75.11,21,1.38,5.43,4198.23,0.51,12.66,0.00,0.02,,27.800
LinuxPCM,2024-12-03T15:27:56.983Z,0.10,1.65,0.06,1.00,4.20,0.02,15.71,1.00,0.96,0.0000,0.0046,0.01,0.01,3435.56,2082.20,4202.14,3.30,82.50,0.20,5.11,6.19,6.80,0.01,0.32,86.68,100.00,0.00,0.00,0.00,0.00,0.00,0.00,0.00,22.87,0.00,0.00,0.10,1.65,0.06,1.00,4.20,0.02,15.71,1.00,0.96,0.0000,0.0046,0.01,0.01,0.00,0.02,0.00,20,3435.56,2082.20,4202.14,3.30,82.50,0.20,5.11,6.19,6.80,0.01,0.32,86.68,100.00,0.00,0.00,0.00,0.00,0.00,0.00,0.00,22.87,11.68,0.00,0.00,0.44,0.00,1.03,4.31,0.00,0.02,0.90,0.26,0.0007,0.0073,0.18,16.48,0.00,0.00,83.35,21,3.32,7.60,4202.14,0.87,21.83,0.00,0.04,0.00,0.49,0.00,1.00,4.19,0.00,0.02,0.87,0.46,0.0005,0.0048,0.20,16.70,0.00,0.47,82.62,21,4.11,8.47,4202.14,0.97,24.25,0.00,0.05,0.00,0.42,0.00,1.00,4.18,0.00,0.02,0.87,0.47,0.0005,0.0047,0.22,1.82,0.04,0.57,97.36,22,3.90,9.38,4202.14,0.83,20.76,0.00,0.05,0.27,1.68,0.16,1.00,4.21,0.00,5.21,1.00,0.96,0.0000,0.0046,16.12,0.27,0.00,0.23,83.38,21,1137.79,679.10,4202.14,3.35,83.77,0.54,13.54,0.27,1.68,0.16,1.00,4.21,0.00,5.16,1.00,0.96,0.0000,0.0045,16.12,0.54,0.00,0.00,83.35,21,1138.47,678.43,4202.14,3.36,83.90,0.54,13.55,0.27,1.68,0.16,1.00,4.18,0.00,5.23,1.00,0.96,0.0000,0.0046,16.27,0.63,0.00,0.47,82.62,21,1143.48,680.83,4202.14,3.36,83.98,0.54,13.61,0.00,0.22,0.00,1.03,4.33,0.00,0.03,0.94,0.32,0.0005,0.0092,0.31,1.73,0.04,0.57,97.36,22,3.03,13.48,4202.14,0.45,11.24,0.00,0.04,0.00,0.30,0.00,1.01,4.24,0.00,0.01,0.90,0.34,0.0009,0.0101,0.12,16.27,0.00,0.23,83.38,21,1.46,4.90,4202.14,0.59,14.87,0.00,0.02,,27.800
LinuxPCM,2024-12-03T15:27:57.983Z,0.16,1.84,0.09,0.99,4.15,0.06,16.28,1.00,0.96,0.0000,0.0030,0.04,0.02,5344.08,2898.64,4202.27,3.69,92.18,0.32,7.95,8.73,9.90,0.08,0.20,81.09,100.00,0.00,0.00,0.00,0.00,0.00,0.00,0.00,25.50,0.00,0.00,0.16,1.84,0.09,0.99,4.15,0.06,16.28,1.00,0.96,0.0000,0.0030,0.04,0.02,0.00,0.07,0.00, 5,5344.08,2898.64,4202.27,3.69,92.18,0.32,7.95,8.73,9.90,0.08,0.20,81.09,100.00,0.00,0.00,0.00,0.00,0.00,0.00,0.00,25.50,14.35,0.00,0.00,0.34,0.00,1.00,4.19,0.00,0.04,0.88,0.34,0.0008,0.0080,0.33,16.29,0.00,0.03,83.36,21,4.62,13.66,4202.27,0.68,16.92,0.00,0.06,0.27,1.68,0.16,0.99,4.16,0.00,5.21,1.00,0.96,0.0000,0.0046,16.25,18.07,0.06,0.12,65.49, 5,1138.51,676.40,4202.27,3.37,84.16,0.54,13.54,0.00,0.56,0.00,1.04,4.35,0.00,0.04,0.86,0.50,0.0005,0.0040,0.37,2.70,0.00,0.20,96.72,23,9.13,16.23,4202.27,1.13,28.14,0.00,0.11,0.33,1.71,0.20,1.01,4.24,0.00,5.45,1.00,0.96,0.0000,0.0039,19.35,1.15,0.26,0.46,78.79,22,1400.56,820.09,4202.27,3.42,85.39,0.67,16.67,0.38,2.52,0.15,0.98,4.12,0.03,0.08,0.67,0.77,0.0000,0.0001,15.30,1.32,0.00,0.03,83.36,21,1590.58,630.63,4202.27,5.04,126.11,0.76,18.93,0.28,1.68,0.17,0.97,4.06,0.00,5.36,1.00,0.96,0.0000,0.0046,17.19,17.12,0.06,0.12,65.51, 5,1174.90,698.93,4202.27,3.36,84.05,0.56,13.98,0.00,0.65,0.01,0.98,4.12,0.01,0.07,0.81,0.68,0.0007,0.0036,0.76,2.32,0.00,0.20,96.72,23,20.34,31.43,4202.27,1.29,32.35,0.01,0.24,0.00,0.48,0.00,1.04,4.37,0.00,0.03,0.82,0.48,0.0008,0.0053,0.26,20.25,0.26,0.46,78.78,22,5.44,11.27,4202.27,0.96,24.10,0.00,0.06,,27.800
LinuxPCM,2024-12-03T15:27:58.984Z,0.16,1.66,0.10,1.00,4.19,0.01,24.35,1.00,0.96,0.0000,0.0046,0.01,0.01,5334.56,3205.52,4202.18,3.33,83.21,0.32,7.93,9.55,10.17,0.00,0.05,80.23,100.00,0.00,0.00,0.00,0.00,0.00,0.00,0.00,28.71,0.00,0.00,0.16,1.66,0.10,1.00,4.19,0.01,24.35,1.00,0.96,0.0000,0.0046,0.01,0.01,0.00,0.01,0.00, 0,5334.56,3205.52,4202.18,3.33,83.21,0.32,7.93,9.55,10.17,0.00,0.05,80.23,100.00,0.00,0.00,0.00,0.00,0.00,0.00,0.00,28.71,17.50,0.00,0.00,0.34,0.00,1.02,4.26,0.00,0.04,0.92,0.28,0.0006,0.0094,0.28,16.77,0.00,0.13,82.82,19,4.04,12.05,4202.18,0.67,16.77,0.00,0.05,0.53,1.69,0.32,0.99,4.17,0.00,10.22,1.00,0.96,0.0000,0.0046,31.86,0.39,0.00,0.09,67.67,19,2243.65,1327.75,4202.18,3.38,84.49,1.07,26.70,0.00,0.44,0.00,1.04,4.37,0.00,0.02,0.91,0.49,0.0003,0.0043,0.21,1.42,0.00,0.00,98.38,20,3.96,9.04,4202.18,0.88,21.90,0.00,0.05,0.46,1.68,0.27,1.00,4.21,0.00,8.86,1.00,0.96,0.0000,0.0046,27.32,0.63,0.00,0.00,72.05, 0,1936.19,1152.04,4202.18,3.36,84.03,0.92,23.04,0.27,1.67,0.16,1.00,4.21,0.00,5.16,1.00,0.96,0.0000,0.0045,16.15,0.90,0.00,0.13,82.82,19,1137.88,679.92,4202.18,3.35,83.68,0.54,13.54,0.00,0.14,0.00,1.01,4.26,0.00,0.00,0.89,0.27,0.0015,0.0147,0.05,32.20,0.00,0.09,67.65,19,0.32,2.33,4202.18,0.28,6.92,0.00,0.00,0.00,0.12,0.00,1.02,4.28,0.00,0.02,0.96,0.24,0.0006,0.0175,0.25,1.37,0.00,0.00,98.38,20,1.29,10.89,4202.18,0.24,5.94,0.00,0.02,0.00,0.63,0.00,1.05,4.42,0.00,0.03,0.86,0.55,0.0005,0.0038,0.26,27.69,0.00,0.00,72.05, 0,7.22,11.53,4202.18,1.25,31.33,0.00,0.09,,27.800
LinuxPCM,2024-12-03T15:27:59.984Z,0.14,1.65,0.09,0.99,4.17,0.04,21.61,1.00,0.96,0.0000,0.0046,0.04,0.03,4747.65,2881.14,4201.68,3.30,82.39,0.28,7.06,8.63,9.32,0.00,0.61,81.45,100.00,0.00,0.00,0.00,0.00,0.00,0.00,0.00,26.72,0.00,0.00,0.14,1.65,0.09,0.99,4.17,0.04,21.61,1.00,0.96,0.0000,0.0046,0.04,0.03,0.00,0.06,0.00, 0,4747.65,2881.14,4201.68,3.30,82.39,0.28,7.06,8.63,9.32,0.00,0.61,81.45,100.00,0.00,0.00,0.00,0.00,0.00,0.00,0.00,26.72,15.56,0.00,0.00,0.40,0.00,0.99,4.15,0.01,0.05,0.88,0.35,0.0008,0.0071,0.42,14.40,0.00,0.65,84.53, 0,6.90,17.27,4201.68,0.80,19.97,0.00,0.08,0.27,1.69,0.16,1.00,4.18,0.00,5.20,1.00,0.96,0.0000,0.0046,16.13,16.80,0.00,0.38,66.68,18,1137.95,675.30,4201.68,3.37,84.26,0.54,13.54,0.00,0.52,0.00,0.99,4.15,0.00,0.03,0.85,0.51,0.0005,0.0038,0.33,1.98,0.00,0.39,97.30,20,7.04,13.63,4201.68,1.03,25.81,0.00,0.08,0.35,1.67,0.21,1.00,4.19,0.00,6.70,1.00,0.96,0.0000,0.0045,21.07,0.65,0.00,1.00,77.28,18,1478.37,883.77,4201.68,3.35,83.64,0.70,17.59,0.23,1.67,0.14,1.00,4.21,0.00,4.35,1.00,0.96,0.0000,0.0045,13.70,1.11,0.00,0.65,84.53, 0,962.62,577.24,4201.68,3.34,83.38,0.46,11.46,0.27,1.69,0.16,0.98,4.10,0.00,5.20,1.00,0.96,0.0000,0.0046,16.47,16.47,0.00,0.38,66.68,18,1137.89,674.65,4201.68,3.37,84.33,0.54,13.54,0.00,0.40,0.01,1.05,4.40,0.03,0.06,0.58,0.35,0.0022,0.0050,0.64,1.67,0.00,0.39,97.30,20,11.40,28.23,4201.68,0.81,20.18,0.01,0.14,0.00,0.50,0.00,0.99,4.15,0.00,0.03,0.89,0.47,0.0005,0.0049,0.27,21.45,0.00,1.00,77.28,18,5.50,11.05,4201.68,0.99,24.87,0.00,0.07,,27.800
LinuxPCM,2024-12-03T15:28:00.985Z,0.11,1.65,0.07,0.99,4.17,0.01,16.51,1.00,0.96,0.0000,0.0046,0.01,0.01,3611.43,2185.68,4202.55,3.30,82.62,0.21,5.37,6.55,7.22,0.00,0.10,86.12,100.00,0.00,0.00,0.00,0.00,0.00,0.00,0.00,23.63,0.00,0.00,0.11,1.65,0.07,0.99,4.17,0.01,16.51,1.00,0.96,0.0000,0.0046,0.01,0.01,0.00,0.02,0.00,20,3611.43,2185.68,4202.55,3.30,82.62,0.21,5.37,6.55,7.22,0.00,0.10,86.12,100.00,0.00,0.00,0.00,0.00,0.00,0.00,0.00,23.63,12.44,0.00,0.00,0.56,0.00,1.03,4.34,0.01,0.05,0.86,0.45,0.0006,0.0046,0.47,3.15,0.00,0.00,96.38,21,11.52,20.40,4202.55,1.13,28.23,0.01,0.14,0.27,1.68,0.16,0.99,4.18,0.00,5.23,1.00,0.96,0.0000,0.0046,16.26,16.73,0.00,0.00,67.01,20,1141.16,679.41,4202.55,3.36,83.98,0.54,13.58,0.00,0.33,0.00,1.03,4.34,0.00,0.01,0.91,0.41,0.0005,0.0058,0.16,1.77,0.00,0.20,97.87,23,2.37,7.12,4202.55,0.67,16.67,0.00,0.03,0.27,1.68,0.16,1.00,4.20,0.00,5.21,1.00,0.96,0.0000,0.0046,16.12,0.43,0.02,0.21,83.22,21,1137.84,678.09,4202.55,3.36,83.90,0.54,13.54,0.04,1.64,0.03,1.00,4.19,0.00,0.81,1.00,0.96,0.0000,0.0046,2.57,1.04,0.00,0.00,96.38,21,176.76,107.91,4202.55,3.28,81.90,0.08,2.10,0.27,1.68,0.16,0.98,4.12,0.00,5.16,1.00,0.96,0.0000,0.0045,16.38,16.61,0.00,0.00,67.01,20,1137.82,675.31,4202.55,3.37,84.24,0.54,13.54,0.00,0.19,0.00,1.03,4.34,0.00,0.03,0.95,0.30,0.0005,0.0112,0.30,1.63,0.00,0.20,97.87,23,2.46,13.01,4202.55,0.38,9.46,0.00,0.03,0.00,0.34,0.00,1.03,4.34,0.00,0.01,0.84,0.40,0.0010,0.0072,0.10,16.45,0.02,0.21,83.22,21,1.51,4.44,4202.55,0.68,16.98,0.00,0.02,,27.800
LinuxPCM,2024-12-03T15:28:01.985Z,0.11,1.65,0.07,1.00,4.21,0.02,17.28,1.00,0.96,0.0000,0.0046,0.02,0.01,3790.34,2302.54,4201.91,3.29,82.31,0.23,5.64,6.83,7.84,0.00,0.12,85.21,100.00,0.00,0.00,0.00,0.00,0.00,0.00,0.00,24.08,0.00,0.00,0.11,1.65,0.07,1.00,4.21,0.02,17.28,1.00,0.96,0.0000,0.0046,0.02,0.01,0.00,0.02,0.00, 0,3790.34,2302.54,4201.91,3.29,82.31,0.23,5.64,6.83,7.84,0.00,0.12,85.21,100.00,0.00,0.00,0.00,0.00,0.00,0.00,0.00,24.08,12.92,0.00,0.00,0.42,0.00,1.02,4.30,0.00,0.03,0.90,0.32,0.0006,0.0069,0.25,17.39,0.00,0.09,82.27,20,4.43,10.65,4201.91,0.83,20.78,0.00,0.05,0.36,1.68,0.21,1.00,4.21,0.00,6.83,1.00,0.96,0.0000,0.0046,21.20,0.91,0.00,0.00,77.88, 0,1498.28,893.12,4201.91,3.36,83.88,0.71,17.83,0.00,0.18,0.00,1.03,4.31,0.00,0.00,0.81,0.31,0.0011,0.0067,0.09,1.95,0.00,0.17,97.79,21,0.68,3.86,4201.91,0.35,8.87,0.00,0.01,0.27,1.67,0.16,1.00,4.21,0.00,5.19,1.00,0.96,0.0000,0.0046,16.25,0.67,0.00,0.21,82.87,19,1140.26,684.06,4201.91,3.33,83.34,0.54,13.57,0.27,1.67,0.16,1.00,4.21,0.00,5.17,1.00,0.96,0.0000,0.0045,16.21,1.42,0.00,0.09,82.27,20,1139.18,682.68,4201.91,3.34,83.43,0.54,13.56,0.00,0.23,0.00,1.00,4.20,0.00,0.02,0.83,0.38,0.0020,0.0126,0.13,21.99,0.00,0.00,77.88, 0,1.21,5.31,4201.91,0.46,11.41,0.00,0.01,0.00,0.25,0.00,1.03,4.34,0.00,0.03,0.95,0.34,0.0004,0.0089,0.35,1.69,0.00,0.17,97.79,21,3.77,15.01,4201.91,0.50,12.55,0.00,0.04,0.00,0.32,0.00,1.01,4.23,0.00,0.01,0.87,0.44,0.0005,0.0046,0.19,16.73,0.00,0.21,82.87,19,2.53,7.87,4201.91,0.64,16.09,0.00,0.03,,27.800
LinuxPCM,2024-12-03T15:28:02.986Z,0.13,1.65,0.08,0.99,4.17,0.02,19.76,1.00,0.96,0.0000,0.0046,0.02,0.01,4326.56,2617.86,4202.34,3.31,82.64,0.26,6.43,7.84,8.76,0.00,0.07,83.33,100.00,0.00,0.00,0.00,0.00,0.00,0.00,0.00,25.94,0.00,0.00,0.13,1.65,0.08,0.99,4.17,0.02,19.76,1.00,0.96,0.0000,0.0046,0.02,0.01,0.00,0.02,0.00, 0,4326.56,2617.86,4202.34,3.31,82.64,0.26,6.43,7.84,8.76,0.00,0.07,83.33,100.00,0.00,0.00,0.00,0.00,0.00,0.00,0.00,25.94,14.74,0.00,0.00,0.36,0.00,1.02,4.30,0.00,0.04,0.91,0.34,0.0006,0.0079,0.36,0.99,0.00,0.18,98.48,19,5.52,15.30,4202.34,0.72,18.05,0.00,0.07,0.46,1.69,0.27,0.99,4.15,0.00,8.78,1.00,0.96,0.0000,0.0046,27.45,16.86,0.00,0.05,55.64,14,1923.75,1140.45,4202.34,3.37,84.34,0.92,22.89,0.00,0.57,0.00,1.05,4.41,0.00,0.03,0.87,0.54,0.0005,0.0038,0.36,1.79,0.00,0.00,97.86,20,8.96,15.70,4202.34,1.14,28.54,0.00,0.11,0.29,1.68,0.17,1.00,4.22,0.00,5.61,1.00,0.96,0.0000,0.0046,17.32,1.30,0.00,0.04,81.34, 0,1224.59,730.41,4202.34,3.35,83.83,0.58,14.57,0.00,0.14,0.00,1.01,4.22,0.00,0.01,0.81,0.32,0.0018,0.0121,0.08,1.27,0.00,0.18,98.48,18,0.46,3.21,4202.34,0.29,7.24,0.00,0.01,0.27,1.69,0.16,0.98,4.13,0.00,5.21,1.00,0.96,0.0000,0.0046,16.31,27.99,0.00,0.05,55.64,14,1139.02,674.84,4202.34,3.38,84.39,0.54,13.55,0.00,0.12,0.00,1.02,4.27,0.00,0.02,0.92,0.24,0.0012,0.0173,0.26,1.88,0.00,0.00,97.86,20,1.37,11.30,4202.34,0.24,6.06,0.00,0.02,0.01,0.86,0.01,1.06,4.44,0.01,0.05,0.83,0.50,0.0004,0.0024,0.60,18.02,0.00,0.04,81.34, 0,22.89,26.67,4202.34,1.72,42.91,0.01,0.27,,27.800
LinuxPCM,2024-12-03T15:28:03.986Z,0.14,1.65,0.08,1.00,4.20,0.02,21.18,1.00,0.96,0.0000,0.0046,0.01,0.01,4646.99,2809.92,4201.80,3.31,82.69,0.28,6.91,8.36,9.12,0.00,0.16,82.35,100.00,0.00,0.00,0.00,0.00,0.00,0.00,0.00,26.67,0.00,0.00,0.14,1.65,0.08,1.00,4.20,0.02,21.18,1.00,0.96,0.0000,0.0046,0.01,0.01,0.00,0.02,0.00, 0,4646.99,2809.92,4201.80,3.31,82.69,0.28,6.91,8.36,9.12,0.00,0.16,82.35,100.00,0.00,0.00,0.00,0.00,0.00,0.00,0.00,26.67,15.51,0.00,0.00,0.48,0.00,1.01,4.23,0.01,0.05,0.87,0.34,0.0007,0.0058,0.41,16.90,0.00,0.25,82.43,19,8.26,17.37,4201.80,0.95,23.77,0.00,0.10,0.27,1.69,0.16,0.99,4.17,0.00,5.21,1.00,0.96,0.0000,0.0046,16.17,2.60,0.00,0.00,81.23, 0,1137.93,674.51,4201.80,3.37,84.35,0.54,13.54,0.00,0.28,0.00,1.00,4.21,0.00,0.01,0.93,0.44,0.0004,0.0060,0.16,1.69,0.00,0.29,97.86,20,1.91,6.76,4201.80,0.57,14.13,0.00,0.02,0.52,1.68,0.31,1.00,4.20,0.00,9.92,1.00,0.96,0.0000,0.0045,31.11,0.91,0.00,0.09,67.89,18,2189.08,1306.38,4201.80,3.35,83.78,1.04,26.05,0.27,1.67,0.16,1.00,4.20,0.00,5.15,1.00,0.96,0.0000,0.0045,16.19,1.12,0.00,0.25,82.43,19,1137.92,680.28,4201.80,3.35,83.64,0.54,13.54,0.04,1.66,0.02,1.04,4.38,0.00,0.77,1.00,0.96,0.0000,0.0048,2.20,16.56,0.00,0.00,81.23, 0,160.24,96.44,4201.80,3.32,83.08,0.08,1.91,0.00,0.19,0.00,1.02,4.27,0.00,0.03,0.95,0.30,0.0005,0.0112,0.32,1.53,0.00,0.29,97.86,20,2.54,13.55,4201.80,0.37,9.36,0.00,0.03,0.00,0.62,0.00,0.99,4.14,0.00,0.04,0.86,0.54,0.0005,0.0039,0.35,31.67,0.00,0.09,67.89,18,9.12,14.64,4201.80,1.25,31.15,0.00,0.11,,27.800
LinuxPCM,2024-12-03T15:28:04.987Z,0.13,1.66,0.08,0.99,4.18,0.01,20.08,1.00,0.96,0.0000,0.0046,0.01,0.01,4411.20,2660.79,4202.45,3.32,82.89,0.26,6.56,7.95,8.50,0.00,0.12,83.43,100.00,0.00,0.00,0.00,0.00,0.00,0.00,0.00,25.63,0.00,0.00,0.13,1.66,0.08,0.99,4.18,0.01,20.08,1.00,0.96,0.0000,0.0046,0.01,0.01,0.00,0.02,0.00,20,4411.20,2660.79,4202.45,3.32,82.89,0.26,6.56,7.95,8.50,0.00,0.12,83.43,100.00,0.00,0.00,0.00,0.00,0.00,0.00,0.00,25.63,14.44,0.00,0.00,0.39,0.00,1.01,4.24,0.00,0.04,0.91,0.28,0.0007,0.0084,0.27,16.59,0.00,0.00,83.14,21,4.46,11.45,4202.45,0.78,19.47,0.00,0.05,0.27,1.68,0.16,0.99,4.18,0.00,5.22,1.00,0.96,0.0000,0.0046,16.26,14.50,0.00,0.26,68.97,20,1141.53,679.77,4202.45,3.36,83.96,0.54,13.58,0.00,0.33,0.00,1.01,4.23,0.00,0.01,0.85,0.45,0.0006,0.0047,0.15,1.66,0.00,0.13,98.06,22,2.08,6.39,4202.45,0.65,16.30,0.00,0.02,0.27,1.67,0.16,1.00,4.22,0.00,5.15,1.00,0.96,0.0000,0.0045,16.10,0.26,0.00,0.09,83.55,22,1137.84,679.75,4202.45,3.35,83.69,0.54,13.54,0.27,1.67,0.16,1.00,4.21,0.00,5.18,1.00,0.96,0.0000,0.0046,16.15,0.70,0.00,0.00,83.14,21,1137.74,680.33,4202.45,3.34,83.62,0.54,13.54,0.23,1.68,0.14,0.98,4.10,0.00,4.45,1.00,0.96,0.0000,0.0045,14.26,16.50,0.00,0.26,68.97,20,982.56,584.55,4202.45,3.36,84.04,0.47,11.69,0.00,0.28,0.00,1.02,4.27,0.00,0.03,0.95,0.37,0.0003,0.0076,0.36,1.45,0.00,0.13,98.06,22,4.27,15.34,4202.45,0.56,13.91,0.00,0.05,0.00,0.23,0.00,1.00,4.21,0.00,0.01,0.85,0.31,0.0015,0.0115,0.08,16.29,0.00,0.09,83.55,22,0.72,3.20,4202.45,0.45,11.29,0.00,0.01,,27.800
LinuxPCM,2024-12-03T15:28:05.988Z,0.10,1.65,0.06,0.99,4.18,0.01,15.71,1.00,0.96,0.0000,0.0046,0.01,0.01,3433.79,2075.35,4202.32,3.31,82.73,0.20,5.11,6.21,6.97,0.00,0.17,86.65,100.00,0.00,0.00,0.00,0.00,0.00,0.00,0.00,23.13,0.00,0.00,0.10,1.65,0.06,0.99,4.18,0.01,15.71,1.00,0.96,0.0000,0.0046,0.01,0.01,0.00,0.02,0.00,21,3433.79,2075.35,4202.32,3.31,82.73,0.20,5.11,6.21,6.97,0.00,0.17,86.65,100.00,0.00,0.00,0.00,0.00,0.00,0.00,0.00,23.13,11.94,0.00,0.00,0.57,0.00,1.00,4.19,0.01,0.05,0.87,0.46,0.0005,0.0045,0.44,0.95,0.00,0.16,98.44,22,10.55,18.58,4202.32,1.14,28.40,0.01,0.13,0.27,1.69,0.16,0.99,4.17,0.00,5.20,1.00,0.96,0.0000,0.0046,16.14,16.53,0.00,0.00,67.34,21,1137.80,673.89,4202.32,3.38,84.42,0.54,13.54,0.00,0.30,0.00,1.00,4.20,0.00,0.01,0.91,0.40,0.0004,0.0053,0.14,1.76,0.02,0.28,97.81,23,1.69,5.72,4202.32,0.59,14.75,0.00,0.02,0.27,1.67,0.16,1.00,4.21,0.00,5.21,1.00,0.96,0.0000,0.0046,16.27,0.49,0.00,0.22,83.02,23,1142.28,685.45,4202.32,3.33,83.32,0.54,13.59,0.00,0.19,0.00,1.03,4.31,0.00,0.01,0.76,0.36,0.0023,0.0105,0.07,1.32,0.00,0.16,98.44,22,0.58,3.12,4202.32,0.37,9.26,0.00,0.01,0.27,1.69,0.16,0.99,4.14,0.00,5.20,1.00,0.96,0.0000,0.0046,16.23,16.43,0.00,0.00,67.34,21,1137.76,673.25,4202.32,3.38,84.50,0.54,13.54,0.00,0.21,0.00,1.02,4.28,0.00,0.03,0.95,0.32,0.0005,0.0105,0.31,1.59,0.02,0.28,97.81,23,2.76,13.10,4202.32,0.42,10.54,0.00,0.03,0.00,0.16,0.00,1.02,4.28,0.00,0.00,0.84,0.30,0.0020,0.0136,0.05,16.71,0.00,0.22,83.02,23,0.35,2.24,4202.32,0.32,7.91,0.00,0.00,,27.800
LinuxPCM,2024-12-03T15:28:06.987Z,0.09,1.64,0.06,1.00,4.20,0.02,14.02,1.00,0.96,0.0000,0.0046,0.01,0.01,3066.29,1871.60,4199.76,3.28,81.92,0.18,4.56,5.56,6.78,0.00,0.23,87.43,100.00,0.00,0.00,0.00,0.00,0.00,0.00,0.00,21.84,0.00,0.00,0.09,1.64,0.06,1.00,4.20,0.02,14.02,1.00,0.96,0.0000,0.0046,0.01,0.01,0.00,0.02,0.00,21,3066.29,1871.60,4199.76,3.28,81.92,0.18,4.56,5.56,6.78,0.00,0.23,87.43,100.00,0.00,0.00,0.00,0.00,0.00,0.00,0.00,21.84,10.69,0.00,0.00,0.37,0.00,1.01,4.26,0.00,0.03,0.89,0.28,0.0008,0.0084,0.25,11.78,0.00,0.08,87.89,23,3.89,10.63,4199.76,0.73,18.31,0.00,0.05,0.27,1.68,0.16,0.99,4.18,0.00,5.24,1.00,0.96,0.0000,0.0046,16.34,1.01,0.00,0.38,82.28,22,1143.93,682.52,4199.76,3.35,83.80,0.54,13.62,0.00,0.53,0.00,1.04,4.39,0.00,0.03,0.84,0.54,0.0005,0.0039,0.31,2.60,0.00,0.32,96.76,24,7.17,13.47,4199.76,1.06,26.61,0.00,0.09,0.27,1.66,0.16,1.00,4.22,0.00,5.20,1.00,0.96,0.0000,0.0045,16.28,0.81,0.01,0.13,82.78,23,1142.79,686.68,4199.76,3.33,83.21,0.54,13.61,0.18,1.67,0.11,1.00,4.22,0.00,3.48,1.00,0.96,0.0000,0.0045,10.88,1.15,0.00,0.08,87.89,23,764.57,458.60,4199.76,3.33,83.36,0.36,9.10,0.00,0.29,0.00,0.99,4.14,0.00,0.01,0.75,0.35,0.0018,0.0079,0.10,17.25,0.00,0.38,82.28,22,1.14,3.95,4199.76,0.58,14.40,0.00,0.01,0.00,0.13,0.00,1.02,4.29,0.00,0.03,0.95,0.24,0.0007,0.0165,0.28,2.63,0.00,0.32,96.76,24,1.59,11.94,4199.76,0.27,6.65,0.00,0.02,0.00,0.32,0.00,0.99,4.15,0.00,0.01,0.87,0.37,0.0009,0.0076,0.09,16.99,0.01,0.13,82.78,23,1.22,3.83,4199.76,0.64,15.91,0.00,0.01,,27.800
LinuxPCM,2024-12-03T15:28:07.988Z,0.00,0.34,0.00,1.07,4.47,0.02,0.12,0.83,0.50,0.0006,0.0035,0.01,0.00,35.84,104.82,4202.19,0.68,17.10,0.00,0.05,0.29,2.21,0.00,0.09,97.41,100.00,0.00,0.00,0.00,0.00,0.00,0.00,0.00,13.47,0.00,0.00,0.00,0.34,0.00,1.07,4.47,0.02,0.12,0.83,0.50,0.0006,0.0035,0.01,0.00,0.00,0.02,0.00,22,35.84,104.82,4202.19,0.68,17.10,0.00,0.05,0.29,2.21,0.00,0.09,97.41,100.00,0.00,0.00,0.00,0.00,0.00,0.00,0.00,13.47,2.28,0.00,0.00,0.50,0.00,1.06,4.45,0.00,0.02,0.81,0.34,0.0009,0.0053,0.14,1.39,0.00,0.16,98.31,23,2.98,6.03,4202.19,0.99,24.76,0.00,0.04,0.00,0.39,0.00,1.06,4.44,0.00,0.00,0.77,0.40,0.0011,0.0055,0.05,0.48,0.00,0.06,99.42,22,0.88,2.24,4202.19,0.79,19.68,0.00,0.01,0.00,0.22,0.00,1.03,4.34,0.00,0.00,0.80,0.35,0.0009,0.0051,0.06,2.43,0.00,0.13,97.39,25,0.61,2.73,4202.19,0.44,11.10,0.00,0.01,0.00,0.29,0.01,1.07,4.50,0.00,0.02,0.82,0.63,0.0002,0.0014,1.10,4.36,0.00,0.01,94.53,24,14.16,49.47,4202.19,0.57,14.31,0.01,0.17,0.00,0.32,0.01,1.07,4.48,0.00,0.03,0.84,0.61,0.0006,0.0038,0.49,1.04,0.00,0.16,98.31,23,7.12,21.97,4202.19,0.65,16.20,0.00,0.08,0.00,0.83,0.00,1.06,4.45,0.00,0.02,0.81,0.48,0.0006,0.0034,0.14,0.38,0.00,0.06,99.42,22,5.35,6.43,4202.19,1.66,41.55,0.00,0.06,0.00,0.31,0.00,1.05,4.43,0.00,0.03,0.86,0.34,0.0009,0.0072,0.32,2.17,0.00,0.13,97.39,25,4.43,14.21,4202.19,0.62,15.58,0.00,0.05,0.00,0.18,0.00,1.06,4.45,0.00,0.00,0.84,0.31,0.0018,0.0123,0.04,5.42,0.00,0.01,94.53,24,0.32,1.73,4202.19,0.37,9.22,0.00,0.00,,27.800
