System,System,System,System,System,System,System,System,System,System,System,System,System,System,System,System,System,System,System,System,System,System,System Core C-States,System Core C-States,System Core C-States,System Core C-States,System Core C-States,System Pack C-States,System Pack C-States,System Pack C-States,System Pack C-States,System Pack C-States,System Pack C-States,System Pack C-States,System Pack C-States,System,System,System,Socket 0,Socket 0,Socket 0,Socket 0,Socket 0,Socket 0,Socket 0,Socket 0,Socket 0,Socket 0,Socket 0,Socket 0,Socket 0,Socket 0,Socket 0,Socket 0,Socket 0,Socket 0,Socket 0,Socket 0,Socket 0,Socket 0,Socket 0,Socket 0,SKT0 Core C-State,SKT0 Core C-State,SKT0 Core C-State,SKT0 Core C-State,SKT0 Core C-State,SKT0 Package C-State,SKT0 Package C-State,SKT0 Package C-State,SKT0 Package C-State,SKT0 Package C-State,SKT0 Package C-State,SKT0 Package C-State,SKT0 Package C-State,Proc Energy (Joules),Power Plane 0 Energy (Joules),Power Plane 1 Energy (Joules),Core0 (Socket 0),Core0 (Socket 0),Core0 (Socket 0),Core0 (Socket 0),Core0 (Socket 0),Core0 (Socket 0),Core0 (Socket 0),Core0 (Socket 0),Core0 (Socket 0),Core0 (Socket 0),Core0 (Socket 0),Core0 (Socket 0),Core0 (Socket 0),Core0 (Socket 0),Core0 (Socket 0),Core0 (Socket 0),Core0 (Socket 0),Core0 (Socket 0),Core0 (Socket 0),Core0 (Socket 0),Core0 (Socket 0),Core0 (Socket 0),Core0 (Socket 0),Core0 (Socket 0),Core1 (Socket 0),Core1 (Socket 0),Core1 (Socket 0),Core1 (Socket 0),Core1 (Socket 0),Core1 (Socket 0),Core1 (Socket 0),Core1 (Socket 0),Core1 (Socket 0),Core1 (Socket 0),Core1 (Socket 0),Core1 (Socket 0),Core1 (Socket 0),Core1 (Socket 0),Core1 (Socket 0),Core1 (Socket 0),Core1 (Socket 0),Core1 (Socket 0),Core1 (Socket 0),Core1 (Socket 0),Core1 (Socket 0),Core1 (Socket 0),Core1 (Socket 0),Core1 (Socket 0),Core2 (Socket 0),Core2 (Socket 0),Core2 (Socket 0),Core2 (Socket 0),Core2 (Socket 0),Core2 (Socket 0),Core2 (Socket 0),Core2 (Socket 0),Core2 (Socket 0),Core2 (Socket 0),Core2 (Socket 0),Core2 (Socket 0),Core2 (Socket 0),Core2 (Socket 0),Core2 (Socket 0),Core2 (Socket 0),Core2 (Socket 0),Core2 (Socket 0),Core2 (Socket 0),Core2 (Socket 0),Core2 (Socket 0),Core2 (Socket 0),Core2 (Socket 0),Core2 (Socket 0),Core3 (Socket 0),Core3 (Socket 0),Core3 (Socket 0),Core3 (Socket 0),Core3 (Socket 0),Core3 (Socket 0),Core3 (Socket 0),Core3 (Socket 0),Core3 (Socket 0),Core3 (Socket 0),Core3 (Socket 0),Core3 (Socket 0),Core3 (Socket 0),Core3 (Socket 0),Core3 (Socket 0),Core3 (Socket 0),Core3 (Socket 0),Core3 (Socket 0),Core3 (Socket 0),Core3 (Socket 0),Core3 (Socket 0),Core3 (Socket 0),Core3 (Socket 0),Core3 (Socket 0),Core4 (Socket 0),Core4 (Socket 0),Core4 (Socket 0),Core4 (Socket 0),Core4 (Socket 0),Core4 (Socket 0),Core4 (Socket 0),Core4 (Socket 0),Core4 (Socket 0),Core4 (Socket 0),Core4 (Socket 0),Core4 (Socket 0),Core4 (Socket 0),Core4 (Socket 0),Core4 (Socket 0),Core4 (Socket 0),Core4 (Socket 0),Core4 (Socket 0),Core4 (Socket 0),Core4 (Socket 0),Core4 (Socket 0),Core4 (Socket 0),Core4 (Socket 0),Core4 (Socket 0),Core5 (Socket 0),Core5 (Socket 0),Core5 (Socket 0),Core5 (Socket 0),Core5 (Socket 0),Core5 (Socket 0),Core5 (Socket 0),Core5 (Socket 0),Core5 (Socket 0),Core5 (Socket 0),Core5 (Socket 0),Core5 (Socket 0),Core5 (Socket 0),Core5 (Socket 0),Core5 (Socket 0),Core5 (Socket 0),Core5 (Socket 0),Core5 (Socket 0),Core5 (Socket 0),Core5 (Socket 0),Core5 (Socket 0),Core5 (Socket 0),Core5 (Socket 0),Core5 (Socket 0),Core6 (Socket 0),Core6 (Socket 0),Core6 (Socket 0),Core6 (Socket 0),Core6 (Socket 0),Core6 (Socket 0),Core6 (Socket 0),Core6 (Socket 0),Core6 (Socket 0),Core6 (Socket 0),Core6 (Socket 0),Core6 (Socket 0),Core6 (Socket 0),Core6 (Socket 0),Core6 (Socket 0),Core6 (Socket 0),Core6 (Socket 0),Core6 (Socket 0),Core6 (Socket 0),Core6 (Socket 0),Core6 (Socket 0),Core6 (Socket 0),Core6 (Socket 0),Core6 (Socket 0),Core7 (Socket 0),Core7 (Socket 0),Core7 (Socket 0),Core7 (Socket 0),Core7 (Socket 0),Core7 (Socket 0),Core7 (Socket 0),Core7 (Socket 0),Core7 (Socket 0),Core7 (Socket 0),Core7 (Socket 0),Core7 (Socket 0),Core7 (Socket 0),Core7 (Socket 0),Core7 (Socket 0),Core7 (Socket 0),Core7 (Socket 0),Core7 (Socket 0),Core7 (Socket 0),Core7 (Socket 0),Core7 (Socket 0),Core7 (Socket 0),Core7 (Socket 0),Core7 (Socket 0),,Signal
Date,Time,EXEC,IPC,FREQ,AFREQ,CFREQ,L3MISS,L2MISS,L3HIT,L2HIT,L3MPI,L2MPI,READ,WRITE,INST,ACYC,TIME(ticks),PhysIPC,PhysIPC%,INSTnom,INSTnom%,C0res%,C1res%,C3res%,C6res%,C7res%,C0res%,C2res%,C3res%,C6res%,C7res%,C8res%,C9res%,C10res%,Proc Energy (Joules),Power Plane 0 Energy (Joules),Power Plane 1 Energy (Joules),EXEC,IPC,FREQ,AFREQ,CFREQ,L3MISS,L2MISS,L3HIT,L2HIT,L3MPI,L2MPI,READ,WRITE,IO,IA,GT,TEMP,INST,ACYC,TIME(ticks),PhysIPC,PhysIPC%,INSTnom,INSTnom%,C0res%,C1res%,C3res%,C6res%,C7res%,C0res%,C2res%,C3res%,C6res%,C7res%,C8res%,C9res%,C10res%,SKT0,SKT0,SKT0,EXEC,IPC,FREQ,AFREQ,CFREQ,L3MISS,L2MISS,L3HIT,L2HIT,L3MPI,L2MPI,C0res%,C1res%,C3res%,C6res%,C7res%,TEMP,INST,ACYC,TIME(ticks),PhysIPC,PhysIPC%,INSTnom,INSTnom%,EXEC,IPC,FREQ,AFREQ,CFREQ,L3MISS,L2MISS,L3HIT,L2HIT,L3MPI,L2MPI,C0res%,C1res%,C3res%,C6res%,C7res%,TEMP,INST,ACYC,TIME(ticks),PhysIPC,PhysIPC%,INSTnom,INSTnom%,EXEC,IPC,FREQ,AFREQ,CFREQ,L3MISS,L2MISS,L3HIT,L2HIT,L3MPI,L2MPI,C0res%,C1res%,C3res%,C6res%,C7res%,TEMP,INST,ACYC,TIME(ticks),PhysIPC,PhysIPC%,INSTnom,INSTnom%,EXEC,IPC,FREQ,AFREQ,CFREQ,L3MISS,L2MISS,L3HIT,L2HIT,L3MPI,L2MPI,C0res%,C1res%,C3res%,C6res%,C7res%,TEMP,INST,ACYC,TIME(ticks),PhysIPC,PhysIPC%,INSTnom,INSTnom%,EXEC,IPC,FREQ,AFREQ,CFREQ,L3MISS,L2MISS,L3HIT,L2HIT,L3MPI,L2MPI,C0res%,C1res%,C3res%,C6res%,C7res%,TEMP,INST,ACYC,TIME(ticks),PhysIPC,PhysIPC%,INSTnom,INSTnom%,EXEC,IPC,FREQ,AFREQ,CFREQ,L3MISS,L2MISS,L3HIT,L2HIT,L3MPI,L2MPI,C0res%,C1res%,C3res%,C6res%,C7res%,TEMP,INST,ACYC,TIME(ticks),PhysIPC,PhysIPC%,INSTnom,INSTnom%,EXEC,IPC,FREQ,AFREQ,CFREQ,L3MISS,L2MISS,L3HIT,L2HIT,L3MPI,L2MPI,C0res%,C1res%,C3res%,C6res%,C7res%,TEMP,INST,ACYC,TIME(ticks),PhysIPC,PhysIPC%,INSTnom,INSTnom%,EXEC,IPC,FREQ,AFREQ,CFREQ,L3MISS,L2MISS,L3HIT,L2HIT,L3MPI,L2MPI,C0res%,C1res%,C3res%,C6res%,C7res%,TEMP,INST,ACYC,TIME(ticks),PhysIPC,PhysIPC%,INSTnom,INSTnom%,,Temperature
2024-12-03,16:25:49.718,0.41,1.67,0.25,0.88,3.71,0.03,64.21,1.00,0.96,0.0000,0.0046,0.02,0.01,13857.23,8308.98,4202.77,3.34,83.39,0.82,20.61,27.99,28.54,0.04,0.35,43.08,100.00,0.00,0.00,0.00,0.00,0.00,0.00,0.00,36.76,0.00,0.00,0.41,1.67,0.25,0.88,3.71,0.03,64.21,1.00,0.96,0.0000,0.0046,0.02,0.01,0.00,0.03,0.00, 8,13857.23,8308.98,4202.77,3.34,83.39,0.82,20.61,27.99,28.54,0.04,0.35,43.08,100.00,0.00,0.00,0.00,0.00,0.00,0.00,0.00,36.76,25.59,0.00,0.00,0.37,0.00,0.91,3.81,0.00,0.06,0.93,0.34,0.0007,0.0102,0.44,56.93,0.04,0.04,42.55, 8,6.21,16.71,4202.77,0.74,18.59,0.00,0.07,0.00,0.45,0.00,0.89,3.72,0.00,0.05,0.92,0.43,0.0005,0.0070,0.42,54.93,0.00,0.39,44.25,11,7.12,15.79,4202.77,0.90,22.55,0.00,0.08,0.00,0.52,0.00,0.88,3.69,0.01,0.05,0.88,0.47,0.0005,0.0045,0.54,54.81,0.12,0.79,43.73,13,10.44,20.02,4202.77,1.04,26.07,0.00,0.12,0.85,1.68,0.51,0.88,3.68,0.00,17.25,1.00,0.96,0.0000,0.0048,57.64,0.40,0.00,0.18,41.77,12,3574.80,2122.66,4202.77,3.37,84.21,1.70,42.53,0.81,1.67,0.49,0.88,3.68,0.00,15.49,1.00,0.96,0.0000,0.0045,55.55,1.81,0.04,0.04,42.55, 8,3414.18,2042.89,4202.77,3.34,83.56,1.62,40.62,0.81,1.68,0.48,0.88,3.71,0.00,15.62,1.00,0.96,0.0000,0.0046,54.72,0.63,0.00,0.39,44.25,11,3419.92,2032.33,4202.77,3.37,84.14,1.63,40.69,0.81,1.68,0.48,0.90,3.77,0.00,15.60,1.00,0.96,0.0000,0.0046,54.02,1.34,0.12,0.79,43.73,13,3414.53,2037.40,4202.77,3.35,83.80,1.63,40.63,0.00,0.47,0.01,0.88,3.70,0.00,0.08,0.94,0.43,0.0005,0.0081,0.57,57.47,0.00,0.18,41.78,12,10.03,21.16,4202.77,0.95,23.69,0.00,0.12,,33.000
2024-12-03,16:25:50.719,0.43,1.67,0.26,0.88,3.68,0.02,66.09,1.00,0.96,0.0000,0.0046,0.01,0.01,14469.10,8667.66,4202.21,3.34,83.47,0.86,21.52,29.40,29.74,0.02,0.68,40.16,100.00,0.00,0.00,0.00,0.00,0.00,0.00,0.00,37.96,0.00,0.00,0.43,1.67,0.26,0.88,3.68,0.02,66.09,1.00,0.96,0.0000,0.0046,0.01,0.01,0.00,0.02,0.00, 0,14469.10,8667.66,4202.21,3.34,83.47,0.86,21.52,29.40,29.74,0.02,0.68,40.16,100.00,0.00,0.00,0.00,0.00,0.00,0.00,0.00,37.96,26.77,0.00,0.00,0.48,0.00,0.89,3.73,0.00,0.06,0.92,0.39,0.0005,0.0067,0.52,56.30,0.00,0.17,43.01,11,9.33,19.48,4202.21,0.96,23.95,0.00,0.11,0.74,1.68,0.44,0.87,3.66,0.00,14.12,1.00,0.96,0.0000,0.0045,50.49,9.64,0.08,2.26,37.53, 0,3108.79,1851.17,4202.21,3.36,83.97,1.48,36.99,0.12,1.66,0.07,0.91,3.84,0.00,2.29,1.00,0.96,0.0000,0.0045,7.89,55.47,0.00,0.29,36.35, 3,502.94,303.02,4202.21,3.32,82.99,0.24,5.98,0.81,1.68,0.49,0.87,3.65,0.00,15.79,1.00,0.96,0.0000,0.0046,55.88,0.38,0.00,0.00,43.74,11,3418.16,2038.17,4202.21,3.35,83.85,1.63,40.67,0.81,1.67,0.49,0.87,3.66,0.00,15.49,1.00,0.96,0.0000,0.0045,55.94,0.88,0.00,0.17,43.01,10,3416.95,2047.42,4202.21,3.34,83.45,1.63,40.66,0.14,1.63,0.08,0.88,3.72,0.00,2.66,1.00,0.96,0.0000,0.0046,9.44,50.69,0.08,2.26,37.53, 0,573.67,351.22,4202.21,3.27,81.67,0.27,6.83,0.82,1.68,0.49,0.89,3.74,0.00,15.66,1.00,0.96,0.0000,0.0046,54.91,8.44,0.00,0.29,36.35, 3,3438.51,2052.59,4202.21,3.35,83.76,1.64,40.91,0.00,0.16,0.00,0.91,3.82,0.00,0.01,0.94,0.26,0.0010,0.0165,0.12,56.14,0.00,0.00,43.74,11,0.75,4.60,4202.21,0.32,8.12,0.00,0.01,,33.000
2024-12-03,16:25:51.719,0.42,1.56,0.27,0.88,3.71,0.04,113.64,1.00,0.93,0.0000,0.0080,0.03,0.01,14273.49,9127.76,4202.50,3.13,78.19,0.85,21.23,30.73,28.47,0.16,0.95,39.69,100.00,0.00,0.00,0.00,0.00,0.00,0.00,0.00,38.15,0.00,0.00,0.42,1.56,0.27,0.88,3.71,0.04,113.64,1.00,0.93,0.0000,0.0080,0.03,0.01,0.00,0.03,0.00, 0,14273.49,9127.76,4202.50,3.13,78.19,0.85,21.23,30.73,28.47,0.16,0.95,39.69,100.00,0.00,0.00,0.00,0.00,0.00,0.00,0.00,38.15,26.99,0.00,0.00,0.33,0.00,0.88,3.71,0.00,0.08,0.93,0.32,0.0007,0.0117,0.56,58.45,0.04,0.16,40.79, 0,6.93,20.84,4202.50,0.67,16.63,0.00,0.08,0.60,1.67,0.36,0.87,3.66,0.01,11.56,1.00,0.96,0.0000,0.0046,41.22,1.45,0.09,2.38,54.86, 3,2522.97,1508.41,4202.50,3.35,83.63,1.20,30.02,0.99,1.68,0.59,0.89,3.76,0.00,18.91,1.00,0.96,0.0000,0.0045,65.77,1.67,0.47,1.19,30.89, 6,4162.94,2472.70,4202.50,3.37,84.18,1.98,49.53,0.34,1.26,0.27,0.89,3.73,0.01,30.83,1.00,0.82,0.0000,0.0214,30.56,37.11,0.04,0.08,32.21,11,1440.52,1140.33,4202.50,2.53,63.16,0.69,17.14,0.85,1.67,0.51,0.88,3.69,0.00,16.32,1.00,0.96,0.0000,0.0045,58.27,0.74,0.04,0.16,40.79, 0,3591.18,2149.87,4202.50,3.34,83.52,1.71,42.73,0.00,0.48,0.01,0.88,3.68,0.01,0.08,0.90,0.49,0.0006,0.0060,0.74,41.93,0.09,2.38,54.86, 3,13.01,27.14,4202.50,0.96,23.96,0.01,0.15,0.00,0.45,0.01,0.88,3.71,0.01,0.08,0.90,0.40,0.0006,0.0063,0.79,66.65,0.47,1.19,30.89, 6,13.25,29.32,4202.50,0.90,22.59,0.01,0.16,0.60,1.42,0.42,0.88,3.71,0.00,35.78,1.00,0.88,0.0000,0.0142,47.95,19.72,0.04,0.08,32.21,11,2522.69,1779.13,4202.50,2.84,70.90,1.20,30.01,,33.000
2024-12-03,16:25:52.719,0.44,1.67,0.26,0.87,3.64,0.02,67.98,1.00,0.96,0.0000,0.0046,0.01,0.01,14633.75,8759.19,4198.11,3.34,83.53,0.87,21.79,30.11,30.47,0.04,1.34,38.03,100.00,0.00,0.00,0.00,0.00,0.00,0.00,0.00,37.34,0.00,0.00,0.44,1.67,0.26,0.87,3.64,0.02,67.98,1.00,0.96,0.0000,0.0046,0.01,0.01,0.00,0.02,0.00, 0,14633.75,8759.19,4198.11,3.34,83.53,0.87,21.79,30.11,30.47,0.04,1.34,38.03,100.00,0.00,0.00,0.00,0.00,0.00,0.00,0.00,37.34,26.15,0.00,0.00,0.44,0.01,0.87,3.65,0.00,0.09,0.94,0.44,0.0004,0.0076,0.73,63.59,0.09,3.68,31.91, 2,11.83,26.64,4198.11,0.89,22.20,0.01,0.14,0.91,1.68,0.54,0.86,3.62,0.00,17.50,1.00,0.96,0.0000,0.0046,62.56,0.69,0.00,0.57,36.19, 0,3814.20,2263.67,4198.11,3.37,84.25,1.82,45.43,0.81,1.68,0.48,0.87,3.67,0.00,15.56,1.00,0.96,0.0000,0.0046,55.32,0.53,0.00,0.14,44.00,14,3412.97,2030.26,4198.11,3.36,84.05,1.63,40.65,0.67,1.69,0.39,0.86,3.62,0.00,13.98,1.00,0.96,0.0000,0.0050,45.81,13.13,0.08,0.96,40.02, 3,2805.53,1656.02,4198.11,3.39,84.71,1.34,33.42,0.91,1.67,0.54,0.87,3.65,0.00,17.31,1.00,0.96,0.0000,0.0045,62.62,1.70,0.09,3.68,31.91, 2,3818.03,2287.34,4198.11,3.34,83.46,1.82,45.47,0.00,0.55,0.00,0.88,3.71,0.00,0.04,0.89,0.49,0.0004,0.0046,0.42,62.83,0.00,0.57,36.19, 0,8.60,15.54,4198.11,1.11,27.67,0.00,0.10,0.00,0.36,0.01,0.86,3.62,0.00,0.07,0.95,0.38,0.0005,0.0091,0.60,55.25,0.00,0.14,44.00,14,7.86,21.89,4198.11,0.72,17.96,0.00,0.09,0.18,1.65,0.11,0.85,3.56,0.00,3.42,1.00,0.96,0.0000,0.0045,12.85,46.08,0.08,0.96,40.02, 3,754.74,457.84,4198.11,3.30,82.42,0.36,8.99,,33.000
2024-12-03,16:25:53.719,0.45,1.67,0.27,0.86,3.63,0.02,69.96,1.00,0.96,0.0000,0.0046,0.01,0.00,15108.20,9034.08,4202.34,3.34,83.62,0.90,22.47,31.12,31.46,0.19,0.86,36.37,100.00,0.00,0.00,0.00,0.00,0.00,0.00,0.00,37.77,0.00,0.00,0.45,1.67,0.27,0.86,3.63,0.02,69.96,1.00,0.96,0.0000,0.0046,0.01,0.00,0.00,0.02,0.00, 0,15108.20,9034.08,4202.34,3.34,83.62,0.90,22.47,31.12,31.46,0.19,0.86,36.37,100.00,0.00,0.00,0.00,0.00,0.00,0.00,0.00,37.77,26.61,0.00,0.73,1.67,0.44,0.87,3.65,0.00,13.90,1.00,0.96,0.0000,0.0045,50.24,13.14,0.00,0.39,36.23, 1,3065.58,1834.86,4202.34,3.34,83.54,1.46,36.47,0.90,1.68,0.54,0.86,3.61,0.00,17.30,1.00,0.96,0.0000,0.0046,62.53,0.47,0.00,0.14,36.86, 0,3794.27,2257.42,4202.34,3.36,84.04,1.81,45.14,0.87,1.68,0.52,0.87,3.65,0.00,16.58,1.00,0.96,0.0000,0.0046,59.51,1.30,0.75,2.85,35.59, 5,3640.73,2172.08,4202.34,3.35,83.81,1.73,43.32,0.91,1.69,0.54,0.86,3.60,0.00,18.54,1.00,0.96,0.0000,0.0049,62.69,0.45,0.00,0.04,36.81, 3,3818.54,2258.23,4202.34,3.38,84.55,1.82,45.43,0.18,1.65,0.11,0.87,3.65,0.00,3.51,1.00,0.96,0.0000,0.0046,12.76,50.62,0.00,0.39,36.23, 1,769.33,465.90,4202.34,3.30,82.56,0.37,9.15,0.00,0.50,0.00,0.89,3.72,0.00,0.04,0.93,0.43,0.0004,0.0062,0.39,62.61,0.00,0.14,36.86, 0,7.18,14.46,4202.34,0.99,24.84,0.00,0.09,0.00,0.41,0.01,0.88,3.68,0.00,0.06,0.94,0.44,0.0004,0.0062,0.62,60.19,0.75,2.85,35.59, 5,9.42,22.75,4202.34,0.83,20.70,0.00,0.11,0.00,0.37,0.00,0.89,3.74,0.00,0.02,0.89,0.43,0.0006,0.0058,0.22,62.92,0.00,0.04,36.81, 3,3.15,8.40,4202.34,0.75,18.75,0.00,0.04,,33.000
2024-12-03,16:25:54.719,0.44,1.66,0.27,0.86,3.61,0.05,68.84,1.00,0.96,0.0000,0.0046,0.03,0.01,14889.03,8954.37,4198.27,3.33,83.14,0.89,22.17,31.06,30.95,0.00,0.38,37.61,100.00,0.00,0.00,0.00,0.00,0.00,0.00,0.00,37.44,0.00,0.00,0.44,1.66,0.27,0.86,3.61,0.05,68.84,1.00,0.96,0.0000,0.0046,0.03,0.01,0.00,0.04,0.00, 1,14889.03,8954.37,4198.27,3.33,83.14,0.89,22.17,31.06,30.95,0.00,0.38,37.61,100.00,0.00,0.00,0.00,0.00,0.00,0.00,0.00,37.44,26.25,0.00,0.00,0.50,0.01,0.87,3.64,0.01,0.12,0.91,0.39,0.0006,0.0076,0.84,58.45,0.00,0.31,40.40, 9,15.49,30.71,4198.27,1.01,25.22,0.01,0.18,0.56,1.67,0.33,0.86,3.60,0.00,10.79,1.00,0.96,0.0000,0.0046,39.10,23.33,0.02,0.48,37.07, 5,2353.30,1405.94,4198.27,3.35,83.69,1.12,28.03,0.91,1.68,0.54,0.86,3.61,0.02,17.35,1.00,0.96,0.0000,0.0045,63.03,0.54,0.00,0.53,35.90, 3,3817.96,2275.06,4198.27,3.36,83.91,1.82,45.47,0.79,1.68,0.47,0.86,3.59,0.00,15.90,1.00,0.96,0.0000,0.0048,54.93,7.82,0.00,0.19,37.06, 1,3311.51,1971.71,4198.27,3.36,83.98,1.58,39.44,0.85,1.67,0.51,0.87,3.65,0.00,16.14,1.00,0.96,0.0000,0.0045,58.34,0.95,0.00,0.31,40.40, 9,3550.77,2125.67,4198.27,3.34,83.52,1.69,42.29,0.33,1.66,0.20,0.85,3.57,0.01,6.39,1.00,0.96,0.0000,0.0046,23.41,39.02,0.02,0.48,37.07, 5,1385.99,834.48,4198.27,3.32,83.04,0.66,16.51,0.00,0.30,0.01,0.86,3.62,0.01,0.07,0.91,0.35,0.0009,0.0104,0.61,62.96,0.00,0.53,35.90, 3,6.72,22.22,4198.27,0.61,15.13,0.00,0.08,0.11,1.55,0.07,0.84,3.52,0.01,2.08,1.00,0.96,0.0000,0.0046,8.19,54.55,0.00,0.19,37.06, 1,447.27,288.58,4198.27,3.10,77.50,0.21,5.33,,33.000
2024-12-03,16:25:55.720,0.42,1.63,0.26,0.86,3.61,0.02,81.43,1.00,0.95,0.0000,0.0057,0.02,0.01,14223.57,8728.00,4201.83,3.26,81.48,0.85,21.16,30.17,29.48,0.01,0.45,39.88,100.00,0.00,0.00,0.00,0.00,0.00,0.00,0.00,36.71,0.00,0.00,0.42,1.63,0.26,0.86,3.61,0.02,81.43,1.00,0.95,0.0000,0.0057,0.02,0.01,0.00,0.02,0.00, 0,14223.57,8728.00,4201.83,3.26,81.48,0.85,21.16,30.17,29.48,0.01,0.45,39.88,100.00,0.00,0.00,0.00,0.00,0.00,0.00,0.00,36.71,25.54,0.00,0.00,0.33,0.00,0.87,3.65,0.00,0.06,0.94,0.27,0.0007,0.0116,0.41,55.94,0.00,0.19,43.47,10,4.88,14.85,4201.83,0.66,16.45,0.00,0.06,0.41,1.66,0.25,0.85,3.56,0.00,7.89,1.00,0.96,0.0000,0.0045,29.37,29.45,0.04,1.51,39.63, 0,1741.05,1046.80,4201.83,3.33,83.16,0.83,20.72,0.67,1.66,0.40,0.86,3.63,0.00,13.85,1.00,0.96,0.0000,0.0049,46.75,12.74,0.00,0.11,40.40,12,2822.25,1695.89,4201.83,3.33,83.21,1.34,33.58,0.49,1.57,0.31,0.86,3.61,0.00,16.81,1.00,0.93,0.0000,0.0082,36.28,27.68,0.00,0.00,36.03, 2,2053.14,1308.77,4201.83,3.14,78.44,0.98,24.43,0.81,1.67,0.49,0.87,3.67,0.00,15.46,1.00,0.96,0.0000,0.0045,55.55,0.80,0.00,0.19,43.47,10,3413.11,2041.31,4201.83,3.34,83.60,1.62,40.61,0.41,1.66,0.25,0.86,3.60,0.00,7.94,1.00,0.96,0.0000,0.0046,28.86,29.96,0.04,1.51,39.63, 0,1730.23,1039.96,4201.83,3.33,83.19,0.82,20.59,0.18,1.58,0.11,0.85,3.59,0.00,4.47,1.00,0.95,0.0000,0.0060,13.14,46.34,0.00,0.11,40.40,12,746.91,471.56,4201.83,3.17,79.19,0.36,8.89,0.41,1.54,0.26,0.85,3.58,0.00,14.96,1.00,0.93,0.0000,0.0087,30.99,32.97,0.00,0.00,36.03, 2,1712.01,1108.86,4201.83,3.09,77.20,0.81,20.37,,33.000
2024-12-03,16:25:56.719,0.42,1.67,0.26,0.85,3.59,0.02,65.19,1.00,0.96,0.0000,0.0046,0.01,0.00,14269.80,8567.36,4199.37,3.33,83.28,0.85,21.24,29.86,29.84,0.00,0.13,40.16,100.00,0.00,0.00,0.00,0.00,0.00,0.00,0.00,36.30,0.00,0.00,0.42,1.67,0.26,0.85,3.59,0.02,65.19,1.00,0.96,0.0000,0.0046,0.01,0.00,0.00,0.02,0.00, 1,14269.80,8567.36,4199.37,3.33,83.28,0.85,21.24,29.86,29.84,0.00,0.13,40.16,100.00,0.00,0.00,0.00,0.00,0.00,0.00,0.00,36.30,25.11,0.00,0.32,1.66,0.19,0.86,3.60,0.00,6.17,1.00,0.96,0.0000,0.0046,22.63,39.85,0.00,0.32,37.20, 1,1347.91,813.47,4199.37,3.31,82.85,0.64,16.05,0.00,0.50,0.01,0.86,3.61,0.00,0.10,0.96,0.46,0.0003,0.0078,0.67,60.10,0.00,0.05,39.18, 8,12.24,24.30,4199.37,1.01,25.18,0.01,0.15,0.00,0.37,0.00,0.86,3.63,0.00,0.03,0.92,0.36,0.0006,0.0081,0.29,56.41,0.00,0.17,43.12,12,3.96,10.67,4199.37,0.74,18.54,0.00,0.05,0.18,1.64,0.11,0.86,3.61,0.00,3.42,1.00,0.96,0.0000,0.0046,12.65,46.21,0.00,0.00,41.13,10,747.75,456.58,4199.37,3.28,81.89,0.36,8.90,0.57,1.67,0.34,0.87,3.65,0.00,10.93,1.00,0.96,0.0000,0.0045,39.69,22.79,0.00,0.32,37.20, 1,2410.55,1447.36,4199.37,3.33,83.27,1.15,28.70,0.86,1.68,0.51,0.84,3.54,0.00,16.45,1.00,0.96,0.0000,0.0046,60.36,0.41,0.00,0.05,39.18, 8,3591.11,2137.76,4199.37,3.36,83.99,1.71,42.76,0.81,1.68,0.48,0.86,3.62,0.00,15.55,1.00,0.96,0.0000,0.0046,56.23,0.48,0.00,0.17,43.12,12,3413.62,2036.21,4199.37,3.35,83.82,1.63,40.64,0.65,1.67,0.39,0.84,3.54,0.00,12.56,1.00,0.96,0.0000,0.0046,46.36,12.51,0.00,0.00,41.13,10,2742.67,1641.02,4199.37,3.34,83.57,1.31,32.65,,33.000
2024-12-03,16:25:57.719,0.42,1.67,0.25,0.85,3.58,0.02,65.08,1.00,0.96,0.0000,0.0046,0.01,0.01,14222.61,8521.14,4198.14,3.34,83.45,0.85,21.17,29.81,30.12,0.03,1.21,38.83,100.00,0.00,0.00,0.00,0.00,0.00,0.00,0.00,36.03,0.00,0.00,0.42,1.67,0.25,0.85,3.58,0.02,65.08,1.00,0.96,0.0000,0.0046,0.01,0.01,0.00,0.02,0.00, 0,14222.61,8521.14,4198.14,3.34,83.45,0.85,21.17,29.81,30.12,0.03,1.21,38.83,100.00,0.00,0.00,0.00,0.00,0.00,0.00,0.00,36.03,24.85,0.00,0.00,0.47,0.00,0.84,3.54,0.00,0.08,0.94,0.36,0.0005,0.0088,0.53,62.16,0.00,0.05,37.27, 0,8.69,18.68,4198.14,0.93,23.27,0.00,0.10,0.00,0.58,0.00,0.86,3.63,0.00,0.04,0.89,0.51,0.0004,0.0044,0.46,57.72,0.00,0.05,41.78,10,9.54,16.55,4198.14,1.15,28.84,0.00,0.11,0.00,0.47,0.00,0.83,3.49,0.00,0.03,0.84,0.52,0.0006,0.0042,0.43,59.98,0.11,4.71,34.77, 2,7.05,14.92,4198.14,0.95,23.63,0.00,0.08,0.56,1.67,0.34,0.84,3.52,0.00,10.71,1.00,0.96,0.0000,0.0045,40.18,18.27,0.00,0.05,41.49,10,2360.74,1413.36,4198.14,3.34,83.51,1.12,28.12,0.89,1.67,0.53,0.86,3.60,0.00,17.04,1.00,0.96,0.0000,0.0045,62.24,0.45,0.00,0.05,37.27, 0,3751.82,2242.59,4198.14,3.35,83.65,1.79,44.68,0.81,1.68,0.48,0.84,3.52,0.00,15.51,1.00,0.96,0.0000,0.0045,57.56,0.61,0.00,0.05,41.78,10,3413.01,2026.95,4198.14,3.37,84.19,1.63,40.65,0.86,1.68,0.51,0.87,3.64,0.00,16.87,1.00,0.96,0.0000,0.0047,59.11,1.30,0.11,4.71,34.77, 2,3614.55,2151.54,4198.14,3.36,84.00,1.72,43.05,0.25,1.66,0.15,0.84,3.55,0.00,4.81,1.00,0.96,0.0000,0.0046,17.95,40.50,0.00,0.05,41.49,10,1057.21,636.55,4198.14,3.32,83.04,0.50,12.59,,33.000
2024-12-03,16:25:58.719,0.43,1.67,0.26,0.85,3.56,0.01,66.12,1.00,0.96,0.0000,0.0046,0.01,0.00,14435.12,8625.99,4202.40,3.35,83.67,0.86,21.47,30.29,30.50,0.01,0.32,38.88,100.00,0.00,0.00,0.00,0.00,0.00,0.00,0.00,36.04,0.00,0.00,0.43,1.67,0.26,0.85,3.56,0.01,66.12,1.00,0.96,0.0000,0.0046,0.01,0.00,0.00,0.01,0.00, 0,14435.12,8625.99,4202.40,3.35,83.67,0.86,21.47,30.29,30.50,0.01,0.32,38.88,100.00,0.00,0.00,0.00,0.00,0.00,0.00,0.00,36.04,24.87,0.00,0.77,1.68,0.46,0.85,3.56,0.00,15.09,1.00,0.96,0.0000,0.0047,54.20,8.22,0.00,0.14,37.44, 0,3242.78,1931.23,4202.40,3.36,83.96,1.54,38.58,0.00,0.32,0.00,0.86,3.62,0.00,0.04,0.95,0.32,0.0005,0.0104,0.30,58.21,0.00,0.00,41.49,10,3.44,10.80,4202.40,0.64,15.90,0.00,0.04,0.00,0.46,0.00,0.87,3.65,0.00,0.03,0.92,0.41,0.0005,0.0071,0.29,63.14,0.02,0.05,36.50, 1,4.88,10.60,4202.40,0.92,23.00,0.00,0.06,0.81,1.67,0.49,0.83,3.50,0.00,15.48,1.00,0.96,0.0000,0.0045,58.42,0.39,0.00,1.10,40.10,10,3418.80,2048.22,4202.40,3.34,83.46,1.63,40.68,0.11,1.66,0.07,0.86,3.62,0.00,2.19,1.00,0.96,0.0000,0.0046,7.97,54.44,0.00,0.14,37.44, 0,480.38,288.84,4202.40,3.33,83.16,0.23,5.72,0.81,1.68,0.48,0.83,3.50,0.00,15.52,1.00,0.96,0.0000,0.0045,57.89,0.62,0.00,0.00,41.49,10,3415.17,2029.05,4202.40,3.37,84.16,1.63,40.63,0.92,1.68,0.55,0.87,3.65,0.00,17.76,1.00,0.96,0.0000,0.0046,63.04,0.39,0.02,0.05,36.50, 1,3867.25,2299.75,4202.40,3.36,84.08,1.84,46.01,0.00,0.33,0.00,0.87,3.64,0.00,0.02,0.90,0.42,0.0007,0.0075,0.21,58.60,0.00,1.10,40.10,10,2.44,7.48,4202.40,0.65,16.29,0.00,0.03,,33.000
2024-12-03,16:25:59.719,0.42,1.67,0.25,0.84,3.54,0.01,64.85,1.00,0.96,0.0000,0.0046,0.01,0.00,14214.62,8500.15,4198.11,3.34,83.61,0.85,21.16,30.06,30.46,0.00,0.50,38.99,100.00,0.00,0.00,0.00,0.00,0.00,0.00,0.00,35.63,0.00,0.00,0.42,1.67,0.25,0.84,3.54,0.01,64.85,1.00,0.96,0.0000,0.0046,0.01,0.00,0.00,0.01,0.00, 0,14214.62,8500.15,4198.11,3.34,83.61,0.85,21.16,30.06,30.46,0.00,0.50,38.99,100.00,0.00,0.00,0.00,0.00,0.00,0.00,0.00,35.63,24.44,0.00,0.72,1.67,0.43,0.85,3.56,0.00,13.80,1.00,0.96,0.0000,0.0046,50.64,11.16,0.01,1.73,36.46, 8,3014.99,1801.80,4198.11,3.35,83.67,1.44,35.91,0.00,0.29,0.00,0.86,3.61,0.00,0.04,0.94,0.29,0.0007,0.0124,0.31,58.33,0.00,0.17,41.19,10,3.19,11.20,4198.11,0.57,14.26,0.00,0.04,0.00,0.41,0.00,0.86,3.59,0.00,0.02,0.91,0.33,0.0007,0.0075,0.19,62.73,0.00,0.03,37.05, 0,2.75,6.70,4198.11,0.82,20.50,0.00,0.03,0.81,1.67,0.49,0.83,3.49,0.00,15.47,1.00,0.96,0.0000,0.0045,58.42,0.30,0.00,0.05,41.23,10,3413.05,2038.87,4198.11,3.35,83.70,1.63,40.65,0.13,1.61,0.08,0.82,3.46,0.00,2.57,1.00,0.96,0.0000,0.0045,10.14,51.66,0.01,1.73,36.46, 8,566.30,351.03,4198.11,3.23,80.66,0.27,6.74,0.81,1.68,0.48,0.83,3.49,0.00,15.49,1.00,0.96,0.0000,0.0045,58.08,0.56,0.00,0.17,41.19,10,3413.02,2028.40,4198.11,3.37,84.13,1.63,40.65,0.91,1.68,0.54,0.86,3.61,0.00,17.45,1.00,0.96,0.0000,0.0046,62.58,0.34,0.00,0.03,37.05, 0,3800.18,2257.25,4198.11,3.37,84.18,1.81,45.26,0.00,0.23,0.00,0.86,3.61,0.00,0.01,0.88,0.31,0.0013,0.0117,0.14,58.58,0.00,0.05,41.23,10,1.15,4.91,4198.11,0.47,11.67,0.00,0.01,,33.000
2024-12-03,16:26:00.719,0.42,1.67,0.25,0.84,3.52,0.02,65.16,1.00,0.96,0.0000,0.0047,0.01,0.00,13989.73,8354.29,4202.03,3.35,83.73,0.83,20.81,29.64,29.92,0.02,1.07,39.36,100.00,0.00,0.00,0.00,0.00,0.00,0.00,0.00,34.97,0.00,0.00,0.42,1.67,0.25,0.84,3.52,0.02,65.16,1.00,0.96,0.0000,0.0047,0.01,0.00,0.00,0.02,0.00, 0,13989.73,8354.29,4202.03,3.35,83.73,0.83,20.81,29.64,29.92,0.02,1.07,39.36,100.00,0.00,0.00,0.00,0.00,0.00,0.00,0.00,34.97,23.80,0.00,0.81,1.68,0.48,0.84,3.52,0.00,15.94,1.00,0.96,0.0000,0.0047,57.69,0.50,0.00,0.00,41.81,10,3417.01,2034.39,4202.03,3.36,83.98,1.63,40.66,0.00,0.43,0.00,0.84,3.53,0.00,0.06,0.94,0.38,0.0005,0.0083,0.50,60.14,0.00,0.21,39.15, 0,7.70,17.81,4202.03,0.87,21.63,0.00,0.09,0.77,1.68,0.46,0.85,3.57,0.00,14.78,1.00,0.96,0.0000,0.0045,54.12,5.84,0.07,4.05,35.92,12,3252.36,1932.92,4202.03,3.37,84.13,1.55,38.70,0.83,1.69,0.49,0.83,3.48,0.00,16.91,1.00,0.96,0.0000,0.0049,59.05,0.37,0.00,0.03,40.55, 4,3481.42,2058.69,4202.03,3.38,84.55,1.66,41.43,0.00,0.34,0.00,0.84,3.55,0.00,0.02,0.92,0.39,0.0006,0.0082,0.22,57.97,0.00,0.00,41.81,10,2.65,7.73,4202.03,0.69,17.14,0.00,0.03,0.84,1.68,0.50,0.84,3.51,0.00,16.16,1.00,0.96,0.0000,0.0046,60.01,0.64,0.00,0.21,39.15, 0,3547.36,2109.25,4202.03,3.36,84.09,1.69,42.21,0.07,1.48,0.05,0.84,3.51,0.01,1.28,1.00,0.96,0.0000,0.0046,5.40,54.56,0.07,4.05,35.92,12,280.47,189.61,4202.03,2.96,73.96,0.13,3.34,0.00,0.19,0.00,0.87,3.64,0.00,0.01,0.74,0.35,0.0023,0.0098,0.11,59.31,0.00,0.03,40.55, 4,0.75,3.89,4202.03,0.39,9.67,0.00,0.01,,33.000
2024-12-03,16:26:01.719,0.42,1.67,0.25,0.84,3.52,0.03,65.81,1.00,0.96,0.0000,0.0047,0.02,0.01,14109.05,8447.85,4198.14,3.34,83.51,0.84,21.00,29.98,30.27,0.04,0.78,38.93,100.00,0.00,0.00,0.00,0.00,0.00,0.00,0.00,34.97,0.00,0.00,0.42,1.67,0.25,0.84,3.52,0.03,65.81,1.00,0.96,0.0000,0.0047,0.02,0.01,0.00,0.03,0.00, 0,14109.05,8447.85,4198.14,3.34,83.51,0.84,21.00,29.98,30.27,0.04,0.78,38.93,100.00,0.00,0.00,0.00,0.00,0.00,0.00,0.00,34.97,23.78,0.00,0.73,1.68,0.44,0.84,3.53,0.00,14.53,1.00,0.96,0.0000,0.0047,51.91,6.27,0.04,0.00,41.78,11,3073.32,1831.50,4198.14,3.36,83.90,1.46,36.60,0.64,1.68,0.38,0.84,3.54,0.00,12.28,1.00,0.96,0.0000,0.0045,45.58,16.92,0.03,0.49,36.98, 0,2701.19,1612.55,4198.14,3.35,83.76,1.29,32.17,0.81,1.68,0.48,0.85,3.55,0.00,15.61,1.00,0.96,0.0000,0.0046,57.22,0.54,0.00,0.00,42.24,13,3412.96,2030.25,4198.14,3.36,84.05,1.63,40.65,0.23,1.64,0.14,0.83,3.48,0.00,4.30,1.00,0.96,0.0000,0.0045,16.60,45.96,0.07,2.65,34.72, 2,948.07,578.10,4198.14,3.28,82.00,0.45,11.29,0.08,1.63,0.05,0.83,3.50,0.00,1.62,1.00,0.96,0.0000,0.0047,6.08,52.10,0.04,0.00,41.78,11,346.14,212.90,4198.14,3.25,81.29,0.16,4.12,0.23,1.66,0.14,0.83,3.48,0.00,4.32,1.00,0.96,0.0000,0.0046,16.35,46.15,0.03,0.49,36.98, 0,945.53,569.18,4198.14,3.32,83.06,0.45,11.26,0.00,0.39,0.01,0.85,3.58,0.01,0.09,0.93,0.37,0.0006,0.0090,0.70,57.06,0.00,0.00,42.24,13,9.78,25.21,4198.14,0.78,19.39,0.00,0.12,0.64,1.68,0.38,0.83,3.50,0.00,13.06,1.00,0.96,0.0000,0.0049,45.41,17.15,0.07,2.65,34.72, 2,2672.05,1588.16,4198.14,3.36,84.12,1.27,31.82,,33.000
2024-12-03,16:26:02.719,0.42,1.67,0.25,0.84,3.51,0.02,64.80,1.00,0.96,0.0000,0.0046,0.02,0.01,14092.58,8431.05,4201.96,3.34,83.58,0.84,20.96,30.03,30.33,0.01,0.69,38.93,100.00,0.00,0.00,0.00,0.00,0.00,0.00,0.00,34.71,0.00,0.00,0.42,1.67,0.25,0.84,3.51,0.02,64.80,1.00,0.96,0.0000,0.0046,0.02,0.01,0.00,0.02,0.00, 0,14092.58,8431.05,4201.96,3.34,83.58,0.84,20.96,30.03,30.33,0.01,0.69,38.93,100.00,0.00,0.00,0.00,0.00,0.00,0.00,0.00,34.71,23.55,0.00,0.35,1.66,0.21,0.83,3.49,0.00,6.81,1.00,0.96,0.0000,0.0046,25.65,33.65,0.00,0.20,40.50, 7,1480.66,894.59,4201.96,3.31,82.76,0.70,17.62,0.87,1.68,0.52,0.83,3.51,0.00,16.52,1.00,0.96,0.0000,0.0045,61.73,0.54,0.03,1.04,36.67, 0,3638.60,2165.18,4201.96,3.36,84.03,1.73,43.30,0.81,1.68,0.48,0.84,3.53,0.00,15.52,1.00,0.96,0.0000,0.0045,57.37,0.67,0.00,0.37,41.59,13,3413.28,2027.41,4201.96,3.37,84.18,1.62,40.62,0.17,1.64,0.10,0.82,3.43,0.00,3.22,1.00,0.96,0.0000,0.0045,12.54,49.32,0.02,1.14,36.98, 4,708.54,430.85,4201.96,3.29,82.23,0.34,8.43,0.47,1.67,0.28,0.84,3.54,0.00,8.96,1.00,0.96,0.0000,0.0045,33.41,25.89,0.00,0.20,40.50, 7,1973.95,1183.94,4201.96,3.33,83.36,0.94,23.49,0.00,0.47,0.00,0.88,3.68,0.00,0.03,0.91,0.55,0.0004,0.0050,0.29,61.97,0.03,1.04,36.67, 0,5.07,10.85,4201.96,0.93,23.34,0.00,0.06,0.00,0.18,0.00,0.85,3.59,0.00,0.04,0.94,0.26,0.0009,0.0160,0.34,57.70,0.00,0.37,41.59,13,2.22,12.12,4201.96,0.37,9.17,0.00,0.03,0.68,1.68,0.41,0.83,3.48,0.00,13.71,1.00,0.96,0.0000,0.0048,48.94,12.92,0.02,1.14,36.98, 4,2870.25,1706.11,4201.96,3.36,84.12,1.37,34.15,,33.000
2024-12-03,16:26:03.719,0.43,1.67,0.26,0.83,3.51,0.02,67.01,1.00,0.96,0.0000,0.0046,0.01,0.01,14476.56,8663.51,4198.26,3.34,83.55,0.86,21.55,30.91,30.94,0.28,0.39,37.48,100.00,0.00,0.00,0.00,0.00,0.00,0.00,0.00,35.06,0.00,0.00,0.43,1.67,0.26,0.83,3.51,0.02,67.01,1.00,0.96,0.0000,0.0046,0.01,0.01,0.00,0.02,0.00, 0,14476.56,8663.51,4198.26,3.34,83.55,0.86,21.55,30.91,30.94,0.28,0.39,37.48,100.00,0.00,0.00,0.00,0.00,0.00,0.00,0.00,35.06,23.87,0.00,0.57,1.66,0.34,0.84,3.52,0.00,10.89,1.00,0.96,0.0000,0.0046,40.58,21.21,0.00,0.12,38.09, 3,2373.71,1426.88,4198.26,3.33,83.18,1.13,28.27,0.61,1.68,0.36,0.83,3.51,0.00,11.59,1.00,0.96,0.0000,0.0046,43.26,18.50,1.09,0.42,36.73, 0,2541.16,1516.26,4198.26,3.35,83.80,1.21,30.27,0.87,1.68,0.52,0.84,3.52,0.00,16.63,1.00,0.96,0.0000,0.0046,61.68,0.77,0.02,0.50,37.03, 4,3652.04,2170.15,4198.26,3.37,84.14,1.74,43.50,0.85,1.69,0.51,0.83,3.48,0.00,17.30,1.00,0.96,0.0000,0.0048,61.11,0.31,0.00,0.50,38.09, 3,3587.63,2122.60,4198.26,3.38,84.51,1.71,42.73,0.29,1.65,0.18,0.84,3.52,0.00,5.62,1.00,0.96,0.0000,0.0045,21.27,40.52,0.00,0.12,38.09, 3,1236.63,749.33,4198.26,3.30,82.52,0.59,14.73,0.26,1.66,0.15,0.83,3.50,0.00,4.88,1.00,0.96,0.0000,0.0045,18.46,43.30,1.09,0.42,36.73, 0,1072.19,645.58,4198.26,3.32,83.04,0.51,12.77,0.00,0.43,0.01,0.83,3.51,0.00,0.08,0.94,0.43,0.0004,0.0076,0.75,61.70,0.02,0.50,37.03, 4,11.19,26.22,4198.26,0.85,21.35,0.01,0.13,0.00,0.31,0.00,0.87,3.65,0.00,0.02,0.85,0.31,0.0013,0.0094,0.18,61.24,0.00,0.50,38.09, 3,2.01,6.48,4198.26,0.62,15.48,0.00,0.02,,33.000
2024-12-03,16:26:04.720,0.43,1.67,0.26,0.83,3.49,0.02,67.07,1.00,0.96,0.0000,0.0046,0.02,0.01,14457.42,8636.22,4203.14,3.35,83.70,0.86,21.50,30.87,31.23,0.23,0.84,36.82,100.00,0.00,0.00,0.00,0.00,0.00,0.00,0.00,34.91,0.00,0.00,0.43,1.67,0.26,0.83,3.49,0.02,67.07,1.00,0.96,0.0000,0.0046,0.02,0.01,0.00,0.02,0.00, 0,14457.42,8636.22,4203.14,3.35,83.70,0.86,21.50,30.87,31.23,0.23,0.84,36.82,100.00,0.00,0.00,0.00,0.00,0.00,0.00,0.00,34.91,23.72,0.00,0.31,1.67,0.19,0.83,3.51,0.00,6.07,1.00,0.96,0.0000,0.0046,22.37,39.41,0.00,0.04,38.17, 3,1308.90,785.08,4203.14,3.33,83.36,0.62,15.57,0.00,0.61,0.01,0.85,3.59,0.01,0.07,0.91,0.57,0.0003,0.0039,0.79,62.07,0.94,3.14,33.07, 0,17.21,28.24,4203.14,1.22,30.48,0.01,0.20,0.24,1.67,0.14,0.84,3.53,0.01,4.56,1.00,0.96,0.0000,0.0045,17.03,45.18,0.00,0.04,37.75, 5,1005.65,600.90,4203.14,3.35,83.68,0.48,11.96,0.85,1.69,0.50,0.83,3.47,0.00,17.35,1.00,0.96,0.0000,0.0048,61.09,0.45,0.00,0.16,38.30, 3,3580.57,2120.58,4203.14,3.38,84.42,1.70,42.60,0.55,1.67,0.33,0.84,3.51,0.00,10.42,1.00,0.96,0.0000,0.0045,39.17,22.61,0.00,0.04,38.17, 3,2298.96,1375.13,4203.14,3.34,83.59,1.09,27.35,0.86,1.68,0.51,0.83,3.50,0.00,16.41,1.00,0.96,0.0000,0.0045,61.39,1.47,0.94,3.14,33.07, 0,3615.22,2148.03,4203.14,3.37,84.15,1.72,43.01,0.62,1.68,0.37,0.83,3.50,0.00,12.14,1.00,0.96,0.0000,0.0046,44.74,17.48,0.00,0.04,37.75, 5,2624.64,1565.10,4203.14,3.35,83.85,1.25,31.22,0.00,0.48,0.00,0.86,3.63,0.00,0.04,0.88,0.42,0.0007,0.0065,0.36,61.18,0.00,0.16,38.30, 4,6.26,13.16,4203.14,0.95,23.78,0.00,0.07,,33.000
2024-12-03,16:26:05.720,0.39,1.45,0.27,0.86,3.61,0.03,162.24,1.00,0.90,0.0000,0.0125,0.02,0.01,13017.64,8986.64,4202.28,2.90,72.43,0.77,19.36,31.08,25.18,0.00,0.46,43.28,100.00,0.00,0.00,0.00,0.00,0.00,0.00,0.00,35.10,0.00,0.00,0.39,1.45,0.27,0.86,3.61,0.03,162.24,1.00,0.90,0.0000,0.0125,0.02,0.01,0.00,0.02,0.00, 0,13017.64,8986.64,4202.28,2.90,72.43,0.77,19.36,31.08,25.18,0.00,0.46,43.28,100.00,0.00,0.00,0.00,0.00,0.00,0.00,0.00,35.10,23.93,0.00,0.00,0.26,0.00,0.87,3.64,0.00,0.04,0.97,0.26,0.0004,0.0174,0.26,68.78,0.00,0.00,30.95, 9,2.54,9.64,4202.28,0.53,13.17,0.00,0.03,0.00,0.58,0.00,0.89,3.72,0.00,0.04,0.90,0.50,0.0004,0.0043,0.45,22.58,0.00,0.13,76.84,10,9.90,16.93,4202.28,1.17,29.25,0.00,0.12,0.23,1.67,0.14,0.86,3.61,0.00,4.46,1.00,0.96,0.0000,0.0046,16.18,50.92,0.00,0.43,32.47, 0,977.17,583.95,4202.28,3.35,83.67,0.47,11.63,0.57,1.18,0.48,0.86,3.61,0.00,62.38,1.00,0.78,0.0000,0.0261,55.72,10.14,0.00,1.30,32.84,10,2388.20,2015.64,4202.28,2.37,59.24,1.14,28.41,0.99,1.67,0.59,0.86,3.61,0.00,18.81,1.00,0.96,0.0000,0.0045,68.60,0.45,0.00,0.00,30.95, 9,4146.20,2478.73,4202.28,3.35,83.64,1.97,49.33,0.31,1.67,0.19,0.83,3.50,0.00,5.94,1.00,0.96,0.0000,0.0045,22.31,0.72,0.00,0.13,76.85,10,1308.15,782.32,4202.28,3.34,83.61,0.62,15.56,0.72,1.67,0.43,0.85,3.59,0.01,13.77,1.00,0.96,0.0000,0.0045,50.56,16.54,0.00,0.43,32.47, 0,3037.11,1816.33,4202.28,3.34,83.61,1.45,36.13,0.27,0.89,0.31,0.88,3.71,0.01,56.79,1.00,0.58,0.0000,0.0495,34.56,31.30,0.00,1.30,32.84,10,1148.37,1283.11,4202.28,1.79,44.75,0.55,13.66,,33.000
2024-12-03,16:26:06.720,0.41,1.64,0.25,0.85,3.55,0.03,79.13,1.00,0.95,0.0000,0.0057,0.02,0.01,13810.62,8440.99,4197.89,3.27,81.81,0.82,20.56,29.71,28.86,0.00,0.29,41.14,100.00,0.00,0.00,0.00,0.00,0.00,0.00,0.00,35.18,0.00,0.00,0.41,1.64,0.25,0.85,3.55,0.03,79.13,1.00,0.95,0.0000,0.0057,0.02,0.01,0.00,0.03,0.00, 0,13810.62,8440.99,4197.89,3.27,81.81,0.82,20.56,29.71,28.86,0.00,0.29,41.14,100.00,0.00,0.00,0.00,0.00,0.00,0.00,0.00,35.18,24.00,0.00,0.27,1.64,0.17,0.84,3.53,0.01,5.19,1.00,0.96,0.0000,0.0045,19.77,38.28,0.00,0.47,41.48, 9,1141.72,698.02,4197.89,3.27,81.78,0.54,13.60,0.27,1.64,0.16,0.85,3.57,0.00,5.40,1.00,0.96,0.0000,0.0048,19.26,27.73,0.00,0.18,52.84,10,1129.70,688.10,4197.89,3.28,82.09,0.54,13.46,0.17,1.40,0.12,0.89,3.73,0.01,10.68,1.00,0.87,0.0000,0.0150,13.65,57.26,0.00,0.16,28.93, 0,712.21,508.55,4197.89,2.80,70.02,0.34,8.48,0.00,0.42,0.00,0.85,3.58,0.00,0.04,0.90,0.42,0.0006,0.0069,0.38,57.96,0.00,0.34,41.33, 9,5.79,13.64,4197.89,0.85,21.23,0.00,0.07,0.54,1.67,0.33,0.86,3.61,0.00,10.41,1.00,0.96,0.0000,0.0046,38.01,20.04,0.00,0.47,41.48, 9,2285.96,1372.77,4197.89,3.33,83.26,1.09,27.23,0.38,1.65,0.23,0.82,3.46,0.01,7.28,1.00,0.96,0.0000,0.0045,28.10,18.89,0.00,0.18,52.84,10,1605.71,970.88,4197.89,3.31,82.69,0.77,19.13,0.84,1.63,0.51,0.85,3.56,0.00,24.06,1.00,0.94,0.0000,0.0068,60.73,10.18,0.00,0.16,28.93, 0,3516.45,2158.63,4197.89,3.26,81.45,1.68,41.88,0.81,1.68,0.48,0.84,3.52,0.00,16.07,1.00,0.96,0.0000,0.0047,57.78,0.56,0.00,0.34,41.33, 9,3413.08,2030.41,4197.89,3.36,84.05,1.63,40.65,,33.000
2024-12-03,16:26:07.720,0.41,1.67,0.25,0.84,3.51,0.02,63.90,1.00,0.96,0.0000,0.0046,0.02,0.01,13943.58,8361.81,4202.25,3.34,83.38,0.83,20.74,29.75,30.21,0.11,1.37,38.57,100.00,0.00,0.00,0.00,0.00,0.00,0.00,0.00,35.16,0.00,0.00,0.41,1.67,0.25,0.84,3.51,0.02,63.90,1.00,0.96,0.0000,0.0046,0.02,0.01,0.00,0.02,0.00, 0,13943.58,8361.81,4202.25,3.34,83.38,0.83,20.74,29.75,30.21,0.11,1.37,38.57,100.00,0.00,0.00,0.00,0.00,0.00,0.00,0.00,35.16,23.99,0.00,0.14,1.62,0.09,0.87,3.67,0.00,2.78,1.00,0.96,0.0000,0.0046,10.15,48.24,0.00,0.59,41.03, 9,602.45,372.22,4202.25,3.24,80.93,0.29,7.17,0.00,0.47,0.01,0.87,3.67,0.00,0.05,0.90,0.52,0.0005,0.0053,0.59,59.05,0.42,3.96,35.98,10,10.09,21.62,4202.25,0.93,23.34,0.00,0.12,0.00,0.26,0.00,0.86,3.60,0.00,0.03,0.87,0.30,0.0013,0.0109,0.25,62.06,0.00,0.23,37.46, 0,2.37,9.08,4202.25,0.52,13.07,0.00,0.03,0.48,1.66,0.29,0.82,3.46,0.00,9.21,1.00,0.96,0.0000,0.0045,35.34,24.14,0.02,0.69,39.80,10,2037.45,1223.95,4202.25,3.33,83.23,0.97,24.24,0.67,1.67,0.40,0.84,3.54,0.00,12.79,1.00,0.96,0.0000,0.0045,47.72,10.67,0.00,0.59,41.03, 9,2818.68,1688.21,4202.25,3.34,83.48,1.34,33.54,0.81,1.68,0.48,0.83,3.48,0.00,15.52,1.00,0.96,0.0000,0.0045,58.26,1.38,0.42,3.96,35.98,10,3413.10,2028.97,4202.25,3.36,84.11,1.62,40.61,0.87,1.68,0.52,0.84,3.53,0.00,16.86,1.00,0.96,0.0000,0.0046,61.76,0.56,0.00,0.23,37.46, 0,3668.60,2181.59,4202.25,3.36,84.08,1.75,43.65,0.33,1.66,0.20,0.83,3.50,0.00,6.65,1.00,0.96,0.0000,0.0048,23.90,35.58,0.02,0.69,39.80,10,1390.84,836.18,4202.25,3.33,83.17,0.66,16.55,,33.000
2024-12-03,16:26:08.720,0.41,1.67,0.25,0.83,3.50,0.02,65.02,1.00,0.96,0.0000,0.0047,0.01,0.00,13930.04,8340.58,4198.10,3.34,83.51,0.83,20.74,29.82,29.90,0.01,0.80,39.47,100.00,0.00,0.00,0.00,0.00,0.00,0.00,0.00,34.91,0.00,0.00,0.41,1.67,0.25,0.83,3.50,0.02,65.02,1.00,0.96,0.0000,0.0047,0.01,0.00,0.00,0.02,0.00, 0,13930.04,8340.58,4198.10,3.34,83.51,0.83,20.74,29.82,29.90,0.01,0.80,39.47,100.00,0.00,0.00,0.00,0.00,0.00,0.00,0.00,34.91,23.72,0.00,0.32,1.66,0.19,0.83,3.50,0.00,6.04,1.00,0.96,0.0000,0.0046,22.90,39.06,0.02,0.23,37.79, 0,1326.96,801.44,4198.10,3.31,82.79,0.63,15.80,0.00,0.45,0.00,0.85,3.55,0.00,0.05,0.95,0.41,0.0004,0.0076,0.42,58.64,0.00,0.09,40.86,10,6.76,14.87,4198.10,0.91,22.72,0.00,0.08,0.00,0.48,0.00,0.85,3.55,0.00,0.04,0.86,0.51,0.0006,0.0050,0.45,58.48,0.00,2.86,38.21,11,7.55,15.80,4198.10,0.96,23.91,0.00,0.09,0.81,1.68,0.48,0.82,3.46,0.00,16.62,1.00,0.96,0.0000,0.0049,58.62,0.32,0.00,0.03,41.04,10,3413.10,2026.05,4198.10,3.37,84.23,1.63,40.65,0.56,1.67,0.33,0.86,3.61,0.00,10.58,1.00,0.96,0.0000,0.0045,38.72,23.24,0.02,0.23,37.79, 0,2331.36,1397.51,4198.10,3.34,83.41,1.11,27.77,0.81,1.68,0.48,0.82,3.46,0.00,15.61,1.00,0.96,0.0000,0.0046,58.63,0.43,0.00,0.09,40.86,10,3414.26,2029.08,4198.10,3.37,84.13,1.63,40.66,0.81,1.68,0.48,0.83,3.50,0.00,16.00,1.00,0.96,0.0000,0.0047,58.20,0.73,0.00,2.86,38.21,11,3418.51,2034.46,4198.10,3.36,84.02,1.63,40.71,0.00,0.54,0.01,0.83,3.48,0.00,0.08,0.95,0.45,0.0003,0.0070,0.61,58.32,0.00,0.03,41.04,10,11.52,21.37,4198.10,1.08,26.95,0.01,0.14,,33.000
2024-12-03,16:26:09.720,0.42,1.67,0.25,0.83,3.48,0.02,64.57,1.00,0.96,0.0000,0.0046,0.01,0.01,13959.36,8359.77,4202.32,3.34,83.49,0.83,20.76,29.99,30.28,0.02,0.95,38.76,100.00,0.00,0.00,0.00,0.00,0.00,0.00,0.00,34.87,0.00,0.00,0.42,1.67,0.25,0.83,3.48,0.02,64.57,1.00,0.96,0.0000,0.0046,0.01,0.01,0.00,0.02,0.00, 0,13959.36,8359.77,4202.32,3.34,83.49,0.83,20.76,29.99,30.28,0.02,0.95,38.76,100.00,0.00,0.00,0.00,0.00,0.00,0.00,0.00,34.87,23.70,0.00,0.74,1.67,0.44,0.85,3.56,0.00,14.14,1.00,0.96,0.0000,0.0045,52.34,10.90,0.07,3.05,33.65, 0,3110.38,1866.15,4202.32,3.33,83.34,1.48,37.01,0.71,1.67,0.42,0.82,3.43,0.00,13.51,1.00,0.96,0.0000,0.0046,51.60,8.12,0.00,0.30,39.98,10,2965.62,1770.88,4202.32,3.35,83.73,1.41,35.28,0.00,0.37,0.00,0.83,3.50,0.00,0.04,0.94,0.34,0.0005,0.0093,0.35,58.67,0.00,0.12,40.86,12,4.49,12.20,4202.32,0.74,18.40,0.00,0.05,0.54,1.69,0.32,0.82,3.44,0.00,11.13,1.00,0.96,0.0000,0.0049,38.89,20.21,0.00,0.34,40.56,10,2263.04,1340.37,4202.32,3.38,84.42,1.08,26.93,0.14,1.62,0.09,0.85,3.56,0.00,2.67,1.00,0.96,0.0000,0.0045,10.23,53.01,0.07,3.05,33.65, 0,589.81,364.58,4202.32,3.24,80.89,0.28,7.02,0.11,1.64,0.07,0.84,3.55,0.00,2.13,1.00,0.96,0.0000,0.0046,7.89,51.83,0.00,0.30,39.98,10,459.75,280.04,4202.32,3.28,82.09,0.22,5.47,0.81,1.68,0.48,0.83,3.48,0.00,15.59,1.00,0.96,0.0000,0.0046,58.51,0.51,0.00,0.12,40.86,12,3413.51,2035.71,4202.32,3.35,83.84,1.62,40.61,0.27,1.67,0.16,0.82,3.43,0.00,5.37,1.00,0.96,0.0000,0.0047,20.07,39.03,0.00,0.34,40.56,10,1152.76,689.83,4202.32,3.34,83.55,0.55,13.72,,33.000
2024-12-03,16:26:10.720,0.42,1.67,0.25,0.83,3.48,0.02,65.23,1.00,0.96,0.0000,0.0046,0.01,0.01,14047.31,8398.38,4198.35,3.35,83.63,0.84,20.91,30.14,30.48,0.10,0.97,38.31,100.00,0.00,0.00,0.00,0.00,0.00,0.00,0.00,34.85,0.00,0.00,0.42,1.67,0.25,0.83,3.48,0.02,65.23,1.00,0.96,0.0000,0.0046,0.01,0.01,0.00,0.02,0.00, 0,14047.31,8398.38,4198.35,3.35,83.63,0.84,20.91,30.14,30.48,0.10,0.97,38.31,100.00,0.00,0.00,0.00,0.00,0.00,0.00,0.00,34.85,23.67,0.00,0.30,1.66,0.18,0.85,3.57,0.00,5.78,1.00,0.96,0.0000,0.0046,21.13,41.46,0.00,0.22,37.19, 0,1251.87,753.98,4198.35,3.32,83.02,0.60,14.91,0.83,1.68,0.49,0.82,3.44,0.00,15.84,1.00,0.96,0.0000,0.0046,60.15,1.19,0.40,2.78,35.47, 2,3470.02,2068.51,4198.35,3.36,83.88,1.65,41.33,0.00,0.45,0.00,0.87,3.64,0.00,0.04,0.92,0.43,0.0005,0.0069,0.35,58.55,0.00,0.35,40.75,13,5.64,12.65,4198.35,0.89,22.31,0.00,0.07,0.56,1.68,0.33,0.82,3.43,0.00,10.77,1.00,0.96,0.0000,0.0046,40.60,19.05,0.00,0.52,39.84,10,2335.24,1393.49,4198.35,3.35,83.79,1.11,27.81,0.59,1.67,0.35,0.85,3.59,0.00,11.23,1.00,0.96,0.0000,0.0045,41.25,21.34,0.00,0.22,37.19, 0,2475.74,1480.00,4198.35,3.35,83.64,1.18,29.48,0.00,0.61,0.00,0.86,3.63,0.00,0.04,0.87,0.57,0.0004,0.0033,0.51,60.84,0.40,2.78,35.47, 2,11.13,18.38,4198.35,1.21,30.28,0.01,0.13,0.81,1.69,0.48,0.83,3.47,0.00,16.53,1.00,0.96,0.0000,0.0048,58.34,0.56,0.00,0.35,40.75,13,3414.19,2020.87,4198.35,3.38,84.47,1.63,40.66,0.26,1.67,0.15,0.83,3.47,0.00,5.01,1.00,0.96,0.0000,0.0046,18.77,40.88,0.00,0.52,39.84,10,1083.48,650.49,4198.35,3.33,83.28,0.52,12.90,,33.000
2024-12-03,16:26:11.720,0.42,1.68,0.25,0.83,3.48,0.01,65.25,1.00,0.96,0.0000,0.0046,0.01,0.00,14055.77,8389.72,4202.41,3.35,83.77,0.84,20.90,30.09,30.26,0.00,0.59,39.06,100.00,0.00,0.00,0.00,0.00,0.00,0.00,0.00,34.71,0.00,0.00,0.42,1.68,0.25,0.83,3.48,0.01,65.25,1.00,0.96,0.0000,0.0046,0.01,0.00,0.00,0.01,0.00, 0,14055.77,8389.72,4202.41,3.35,83.77,0.84,20.90,30.09,30.26,0.00,0.59,39.06,100.00,0.00,0.00,0.00,0.00,0.00,0.00,0.00,34.71,23.51,0.00,0.00,0.35,0.00,0.84,3.54,0.00,0.05,0.94,0.27,0.0007,0.0117,0.34,61.79,0.00,0.00,37.87, 1,4.26,12.13,4202.41,0.70,17.56,0.00,0.05,0.84,1.68,0.50,0.82,3.45,0.00,16.14,1.00,0.96,0.0000,0.0046,60.84,0.27,0.00,0.00,38.89, 0,3542.85,2102.91,4202.41,3.37,84.24,1.69,42.15,0.00,0.28,0.00,0.85,3.59,0.00,0.02,0.92,0.40,0.0006,0.0077,0.24,58.81,0.00,1.92,39.03,12,2.42,8.61,4202.41,0.56,14.08,0.00,0.03,0.64,1.68,0.38,0.82,3.46,0.00,12.74,1.00,0.96,0.0000,0.0047,46.16,12.91,0.00,0.46,40.47,10,2689.69,1598.54,4202.41,3.37,84.13,1.28,32.00,0.87,1.67,0.52,0.85,3.55,0.00,16.62,1.00,0.96,0.0000,0.0045,61.67,0.47,0.00,0.00,37.87, 1,3665.50,2191.23,4202.41,3.35,83.64,1.74,43.61,0.00,0.47,0.00,0.86,3.62,0.00,0.03,0.93,0.44,0.0004,0.0068,0.26,60.85,0.00,0.00,38.89, 0,4.37,9.32,4202.41,0.94,23.45,0.00,0.05,0.81,1.69,0.48,0.83,3.47,0.00,16.35,1.00,0.96,0.0000,0.0048,58.47,0.58,0.00,1.92,39.03,12,3419.09,2027.88,4202.41,3.37,84.30,1.63,40.68,0.17,1.66,0.10,0.82,3.45,0.00,3.30,1.00,0.96,0.0000,0.0045,12.71,46.37,0.00,0.46,40.47,10,727.57,439.10,4202.41,3.31,82.85,0.35,8.66,,33.000
2024-12-03,16:26:12.721,0.42,1.68,0.25,0.83,3.48,0.01,66.87,1.00,0.96,0.0000,0.0047,0.01,0.00,14127.98,8412.68,4202.57,3.36,83.97,0.84,21.01,30.17,30.34,0.00,0.47,39.03,100.00,0.00,0.00,0.00,0.00,0.00,0.00,0.00,34.71,0.00,0.00,0.42,1.68,0.25,0.83,3.48,0.01,66.87,1.00,0.96,0.0000,0.0047,0.01,0.00,0.00,0.01,0.00, 0,14127.98,8412.68,4202.57,3.36,83.97,0.84,21.01,30.17,30.34,0.00,0.47,39.03,100.00,0.00,0.00,0.00,0.00,0.00,0.00,0.00,34.71,23.56,0.00,0.14,1.63,0.09,0.85,3.59,0.00,2.68,1.00,0.96,0.0000,0.0046,10.00,49.23,0.00,0.02,40.76,10,585.26,358.70,4202.57,3.26,81.58,0.28,6.96,0.84,1.69,0.50,0.82,3.45,0.00,16.14,1.00,0.96,0.0000,0.0046,60.82,0.31,0.00,0.14,38.73, 0,3544.08,2102.35,4202.57,3.37,84.29,1.69,42.17,0.00,0.22,0.00,0.85,3.55,0.00,0.02,0.89,0.27,0.0011,0.0121,0.17,60.25,0.00,1.48,38.10, 4,1.31,6.03,4202.57,0.43,10.84,0.00,0.02,0.85,1.69,0.50,0.82,3.46,0.00,17.80,1.00,0.96,0.0000,0.0050,60.93,0.31,0.00,0.23,38.54, 3,3574.12,2110.73,4202.57,3.39,84.67,1.70,42.52,0.69,1.67,0.41,0.84,3.55,0.00,13.16,1.00,0.96,0.0000,0.0045,49.06,10.17,0.00,0.02,40.76,10,2901.85,1741.46,4202.57,3.33,83.32,1.38,34.52,0.00,0.27,0.00,0.84,3.53,0.00,0.01,0.91,0.35,0.0008,0.0100,0.12,61.01,0.00,0.14,38.73, 0,1.15,4.32,4202.57,0.53,13.31,0.00,0.01,0.84,1.69,0.49,0.83,3.47,0.00,17.02,1.00,0.96,0.0000,0.0048,59.87,0.55,0.00,1.48,38.10, 4,3515.57,2076.62,4202.57,3.39,84.65,1.67,41.83,0.00,0.37,0.00,0.82,3.46,0.00,0.05,0.94,0.39,0.0006,0.0106,0.36,60.88,0.00,0.23,38.54, 3,4.66,12.46,4202.57,0.75,18.69,0.00,0.06,,33.000
2024-12-03,16:26:13.721,0.42,1.67,0.25,0.82,3.46,0.02,65.05,1.00,0.96,0.0000,0.0046,0.01,0.01,13993.32,8381.41,4199.26,3.34,83.48,0.83,20.83,30.25,30.26,0.00,0.44,39.05,100.00,0.00,0.00,0.00,0.00,0.00,0.00,0.00,34.56,0.00,0.00,0.42,1.67,0.25,0.82,3.46,0.02,65.05,1.00,0.96,0.0000,0.0046,0.01,0.01,0.00,0.02,0.00, 0,13993.32,8381.41,4199.26,3.34,83.48,0.83,20.83,30.25,30.26,0.00,0.44,39.05,100.00,0.00,0.00,0.00,0.00,0.00,0.00,0.00,34.56,23.37,0.00,0.81,1.67,0.49,0.84,3.52,0.00,15.97,1.00,0.96,0.0000,0.0047,58.04,0.55,0.00,1.15,40.26, 9,3419.13,2044.87,4199.26,3.34,83.60,1.63,40.71,0.84,1.68,0.50,0.82,3.44,0.00,16.04,1.00,0.96,0.0000,0.0046,60.65,0.54,0.00,0.27,38.54, 0,3506.39,2088.42,4199.26,3.36,83.95,1.67,41.75,0.84,1.68,0.50,0.82,3.45,0.00,16.05,1.00,0.96,0.0000,0.0046,60.69,0.50,0.00,0.14,38.68, 5,3517.23,2093.49,4199.26,3.36,84.00,1.68,41.88,0.00,0.37,0.00,0.82,3.43,0.00,0.03,0.95,0.35,0.0005,0.0092,0.29,60.79,0.00,0.18,38.74, 3,3.73,10.08,4199.26,0.74,18.51,0.00,0.04,0.00,0.45,0.00,0.81,3.41,0.00,0.06,0.94,0.40,0.0005,0.0082,0.50,58.10,0.00,1.15,40.26, 9,7.61,16.98,4199.26,0.90,22.41,0.00,0.09,0.00,0.56,0.00,0.80,3.38,0.00,0.05,0.95,0.44,0.0003,0.0057,0.49,60.69,0.00,0.27,38.54, 0,9.38,16.69,4199.26,1.12,28.10,0.00,0.11,0.00,0.38,0.00,0.82,3.44,0.00,0.07,0.95,0.65,0.0005,0.0090,0.58,60.61,0.00,0.14,38.68, 5,7.57,19.82,4199.26,0.76,19.10,0.00,0.09,0.84,1.68,0.50,0.82,3.44,0.00,16.76,1.00,0.96,0.0000,0.0048,60.73,0.35,0.00,0.18,38.74, 3,3522.27,2091.05,4199.26,3.37,84.22,1.68,41.94,,33.000
2024-12-03,16:26:14.721,0.42,1.67,0.25,0.82,3.46,0.02,65.03,1.00,0.96,0.0000,0.0046,0.02,0.01,14069.13,8418.86,4202.35,3.34,83.56,0.84,20.92,30.38,30.66,0.17,0.84,37.95,100.00,0.00,0.00,0.00,0.00,0.00,0.00,0.00,34.56,0.00,0.00,0.42,1.67,0.25,0.82,3.46,0.02,65.03,1.00,0.96,0.0000,0.0046,0.02,0.01,0.00,0.02,0.00, 0,14069.13,8418.86,4202.35,3.34,83.56,0.84,20.92,30.38,30.66,0.17,0.84,37.95,100.00,0.00,0.00,0.00,0.00,0.00,0.00,0.00,34.56,23.35,0.00,0.81,1.67,0.49,0.83,3.49,0.00,15.52,1.00,0.96,0.0000,0.0045,58.52,0.41,0.00,0.18,40.90,10,3413.75,2044.07,4202.35,3.34,83.50,1.62,40.62,0.85,1.67,0.51,0.82,3.46,0.00,16.14,1.00,0.96,0.0000,0.0045,61.35,1.16,0.70,2.65,34.14, 0,3557.61,2125.27,4202.35,3.35,83.70,1.69,42.33,0.84,1.68,0.50,0.82,3.45,0.00,16.02,1.00,0.96,0.0000,0.0045,60.78,0.67,0.00,0.28,38.27, 4,3523.79,2097.35,4202.35,3.36,84.01,1.68,41.93,0.84,1.69,0.50,0.82,3.45,0.00,17.20,1.00,0.96,0.0000,0.0048,60.88,0.39,0.00,0.25,38.48, 3,3549.62,2099.08,4202.35,3.38,84.55,1.69,42.23,0.00,0.49,0.00,0.85,3.56,0.00,0.05,0.95,0.40,0.0004,0.0079,0.33,58.59,0.00,0.18,40.90,10,5.79,11.90,4202.35,0.97,24.35,0.00,0.07,0.00,0.60,0.00,0.84,3.53,0.00,0.03,0.86,0.53,0.0005,0.0038,0.39,62.12,0.70,2.65,34.14, 0,8.29,13.73,4202.35,1.21,30.21,0.00,0.10,0.00,0.33,0.00,0.85,3.57,0.00,0.05,0.90,0.35,0.0008,0.0086,0.51,60.94,0.00,0.28,38.27, 4,5.98,18.14,4202.35,0.66,16.48,0.00,0.07,0.00,0.46,0.00,0.85,3.56,0.00,0.02,0.88,0.41,0.0006,0.0057,0.26,61.01,0.00,0.25,38.47, 3,4.31,9.33,4202.35,0.92,23.08,0.00,0.05,,33.000
2024-12-03,16:26:15.722,0.42,1.67,0.25,0.82,3.46,0.02,64.46,1.00,0.96,0.0000,0.0046,0.01,0.01,14030.88,8403.31,4202.49,3.34,83.48,0.83,20.87,30.32,30.56,0.09,0.79,38.25,100.00,0.00,0.00,0.00,0.00,0.00,0.00,0.00,34.60,0.00,0.00,0.42,1.67,0.25,0.82,3.46,0.02,64.46,1.00,0.96,0.0000,0.0046,0.01,0.01,0.00,0.02,0.00, 0,14030.88,8403.31,4202.49,3.34,83.48,0.83,20.87,30.32,30.56,0.09,0.79,38.25,100.00,0.00,0.00,0.00,0.00,0.00,0.00,0.00,34.60,23.44,0.00,0.64,1.67,0.38,0.83,3.49,0.00,12.17,1.00,0.96,0.0000,0.0045,46.01,13.32,0.34,0.21,40.12,10,2679.31,1604.68,4202.49,3.34,83.48,1.28,31.88,0.84,1.68,0.50,0.82,3.46,0.00,16.11,1.00,0.96,0.0000,0.0045,60.94,0.54,0.00,0.15,38.37, 0,3550.47,2112.78,4202.49,3.36,84.02,1.69,42.24,0.84,1.68,0.50,0.82,3.45,0.00,16.03,1.00,0.96,0.0000,0.0046,60.86,0.81,0.00,2.42,35.91, 4,3517.73,2100.03,4202.49,3.35,83.75,1.67,41.85,0.84,1.69,0.50,0.82,3.44,0.00,16.64,1.00,0.96,0.0000,0.0047,60.65,0.38,0.00,0.35,38.61, 3,3521.77,2089.41,4202.49,3.37,84.28,1.68,41.90,0.18,1.65,0.11,0.84,3.52,0.00,3.37,1.00,0.96,0.0000,0.0045,12.81,46.51,0.34,0.21,40.12,10,742.26,451.11,4202.49,3.29,82.27,0.35,8.83,0.00,0.49,0.00,0.84,3.54,0.00,0.02,0.90,0.43,0.0005,0.0052,0.21,61.27,0.00,0.15,38.37, 0,3.56,7.29,4202.49,0.98,24.43,0.00,0.04,0.00,0.39,0.01,0.84,3.54,0.00,0.09,0.95,0.46,0.0004,0.0077,0.83,60.84,0.00,2.42,35.91, 4,11.56,29.37,4202.49,0.79,19.69,0.01,0.14,0.00,0.49,0.00,0.85,3.56,0.00,0.02,0.86,0.41,0.0007,0.0058,0.24,60.79,0.00,0.35,38.61, 3,4.21,8.65,4202.49,0.97,24.35,0.00,0.05,,33.000
2024-12-03,16:26:16.722,0.42,1.67,0.25,0.82,3.46,0.02,65.18,1.00,0.96,0.0000,0.0046,0.02,0.01,14146.82,8478.12,4198.28,3.34,83.43,0.84,21.06,30.62,30.56,0.00,0.17,38.65,100.00,0.00,0.00,0.00,0.00,0.00,0.00,0.00,34.61,0.00,0.00,0.42,1.67,0.25,0.82,3.46,0.02,65.18,1.00,0.96,0.0000,0.0046,0.02,0.01,0.00,0.02,0.00, 0,14146.82,8478.12,4198.28,3.34,83.43,0.84,21.06,30.62,30.56,0.00,0.17,38.65,100.00,0.00,0.00,0.00,0.00,0.00,0.00,0.00,34.61,23.42,0.00,0.57,1.66,0.34,0.83,3.48,0.00,10.87,1.00,0.96,0.0000,0.0046,41.35,19.72,0.00,0.41,38.52, 4,2387.24,1438.21,4198.28,3.32,82.99,1.14,28.43,0.85,1.68,0.50,0.83,3.47,0.00,16.18,1.00,0.96,0.0000,0.0046,61.02,0.45,0.00,0.19,38.34, 0,3555.50,2114.60,4198.28,3.36,84.07,1.69,42.34,0.84,1.68,0.50,0.82,3.45,0.00,16.09,1.00,0.96,0.0000,0.0046,60.77,0.43,0.00,0.07,38.73, 4,3525.08,2095.93,4198.28,3.36,84.09,1.68,41.98,0.84,1.68,0.50,0.82,3.45,0.00,16.72,1.00,0.96,0.0000,0.0047,60.74,0.23,0.00,0.00,39.03, 4,3520.68,2092.90,4198.28,3.36,84.11,1.68,41.93,0.27,1.65,0.16,0.83,3.49,0.00,5.18,1.00,0.96,0.0000,0.0046,19.77,41.30,0.00,0.41,38.52, 4,1137.43,690.64,4198.28,3.29,82.35,0.54,13.55,0.00,0.49,0.00,0.82,3.45,0.00,0.04,0.93,0.42,0.0004,0.0062,0.35,61.13,0.00,0.19,38.34, 0,5.84,11.94,4198.28,0.98,24.46,0.00,0.07,0.00,0.37,0.00,0.83,3.47,0.00,0.06,0.92,0.39,0.0007,0.0087,0.57,60.64,0.00,0.07,38.73, 4,7.27,19.71,4198.28,0.74,18.43,0.00,0.09,0.00,0.55,0.00,0.82,3.46,0.00,0.05,0.92,0.44,0.0004,0.0061,0.41,60.56,0.00,0.00,39.03, 4,7.78,14.18,4198.28,1.10,27.43,0.00,0.09,,33.000
2024-12-03,16:26:17.722,0.03,1.50,0.02,0.84,3.52,0.03,5.03,0.99,0.96,0.0000,0.0045,0.02,0.01,1112.52,739.91,4202.92,3.01,75.18,0.07,1.65,2.62,4.20,0.02,0.66,92.50,100.00,0.00,0.00,0.00,0.00,0.00,0.00,0.00,14.86,0.00,0.00,0.03,1.50,0.02,0.84,3.52,0.03,5.03,0.99,0.96,0.0000,0.0045,0.02,0.01,0.00,0.02,0.00,13,1112.52,739.91,4202.92,3.01,75.18,0.07,1.65,2.62,4.20,0.02,0.66,92.50,100.00,0.00,0.00,0.00,0.00,0.00,0.00,0.00,14.86,3.68,0.00,0.00,0.54,0.00,1.02,4.28,0.00,0.04,0.90,0.56,0.0004,0.0044,0.44,6.42,0.08,1.70,91.36,15,10.09,18.77,4202.92,1.08,26.88,0.00,0.12,0.00,0.64,0.00,1.00,4.20,0.00,0.02,0.78,0.40,0.0007,0.0036,0.18,6.38,0.00,0.13,93.31,13,4.80,7.51,4202.92,1.28,31.95,0.00,0.06,0.06,1.65,0.04,0.82,3.43,0.00,1.24,1.00,0.96,0.0000,0.0045,4.81,3.05,0.00,0.74,91.40,15,272.17,165.02,4202.92,3.30,82.47,0.13,3.24,0.06,1.61,0.04,0.82,3.45,0.00,1.23,1.00,0.96,0.0000,0.0045,4.89,1.11,0.00,0.06,93.93,15,272.31,169.01,4202.92,3.22,80.56,0.13,3.24,0.06,1.64,0.04,0.82,3.43,0.00,1.18,1.00,0.96,0.0000,0.0045,4.61,2.25,0.08,1.70,91.36,15,259.54,158.47,4202.92,3.28,81.89,0.12,3.09,0.07,1.46,0.05,0.85,3.56,0.00,1.25,1.00,0.96,0.0000,0.0044,5.42,1.14,0.00,0.13,93.31,13,281.41,193.15,4202.92,2.91,72.85,0.13,3.35,0.00,0.45,0.01,1.05,4.43,0.00,0.05,0.90,0.42,0.0005,0.0052,0.48,7.38,0.00,0.74,91.40,15,9.56,21.42,4202.92,0.89,22.33,0.00,0.11,0.00,0.40,0.00,1.04,4.36,0.00,0.02,0.84,0.37,0.0009,0.0066,0.15,5.86,0.00,0.06,93.93,15,2.62,6.55,4202.92,0.80,20.00,0.00,0.03,,33.000
2024-12-03,16:26:18.722,0.00,0.49,0.00,1.05,4.39,0.01,0.16,0.93,0.49,0.0003,0.0047,0.01,0.00,33.09,67.27,4198.24,0.98,24.59,0.00,0.05,0.19,1.68,0.02,0.60,97.51,100.00,0.00,0.00,0.00,0.00,0.00,0.00,0.00,13.08,0.00,0.00,0.00,0.49,0.00,1.05,4.39,0.01,0.16,0.93,0.49,0.0003,0.0047,0.01,0.00,0.00,0.01,0.00,14,33.09,67.27,4198.24,0.98,24.59,0.00,0.05,0.19,1.68,0.02,0.60,97.51,100.00,0.00,0.00,0.00,0.00,0.00,0.00,0.00,13.08,1.91,0.00,0.00,0.44,0.00,1.05,4.40,0.00,0.02,0.91,0.46,0.0005,0.0059,0.14,0.97,0.03,0.03,98.84,16,2.71,6.20,4198.24,0.87,21.85,0.00,0.03,0.00,0.67,0.00,1.05,4.42,0.00,0.02,0.93,0.52,0.0002,0.0034,0.17,0.68,0.05,0.00,99.10,14,4.92,7.34,4198.24,1.34,33.54,0.00,0.06,0.00,0.16,0.00,1.04,4.38,0.00,0.00,0.78,0.36,0.0011,0.0058,0.07,4.26,0.02,2.29,93.36,16,0.50,3.19,4198.24,0.31,7.84,0.00,0.01,0.00,0.14,0.00,0.98,4.14,0.00,0.00,0.90,0.26,0.0012,0.0144,0.04,1.16,0.00,0.07,98.73,16,0.26,1.86,4198.24,0.28,6.90,0.00,0.00,0.00,0.47,0.00,1.04,4.36,0.00,0.01,0.90,0.35,0.0005,0.0053,0.14,0.97,0.03,0.03,98.84,16,2.82,5.96,4198.24,0.95,23.67,0.00,0.03,0.00,0.53,0.00,1.06,4.44,0.00,0.02,0.95,0.45,0.0002,0.0050,0.14,0.71,0.05,0.00,99.10,14,3.22,6.10,4198.24,1.06,26.39,0.00,0.04,0.00,0.42,0.01,1.04,4.36,0.00,0.05,0.96,0.53,0.0002,0.0053,0.55,3.78,0.02,2.29,93.36,16,9.97,23.78,4198.24,0.84,20.95,0.00,0.12,0.00,0.68,0.00,1.06,4.45,0.00,0.03,0.91,0.53,0.0003,0.0038,0.29,0.92,0.00,0.07,98.73,16,8.69,12.84,4198.24,1.35,33.84,0.00,0.10,,33.000
,33.000
