System,System,System,System,System,System,System,System,System,System,System,System,System,System,System,System,System,System,System,System,System,System Core C-States,System Core C-States,System Core C-States,System Core C-States,System Core C-States,System Pack C-States,System Pack C-States,System Pack C-States,System Pack C-States,System Pack C-States,System Pack C-States,System Pack C-States,System Pack C-States,System,System,System,Socket 0,Socket 0,Socket 0,Socket 0,Socket 0,Socket 0,Socket 0,Socket 0,Socket 0,Socket 0,Socket 0,Socket 0,Socket 0,Socket 0,Socket 0,Socket 0,Socket 0,Socket 0,Socket 0,Socket 0,Socket 0,Socket 0,Socket 0,SKT0 Core C-State,SKT0 Core C-State,SKT0 Core C-State,SKT0 Core C-State,SKT0 Core C-State,SKT0 Package C-State,SKT0 Package C-State,SKT0 Package C-State,SKT0 Package C-State,SKT0 Package C-State,SKT0 Package C-State,SKT0 Package C-State,SKT0 Package C-State,Proc Energy (Joules),Power Plane 0 Energy (Joules),Power Plane 1 Energy (Joules),Core0 (Socket 0),Core0 (Socket 0),Core0 (Socket 0),Core0 (Socket 0),Core0 (Socket 0),Core0 (Socket 0),Core0 (Socket 0),Core0 (Socket 0),Core0 (Socket 0),Core0 (Socket 0),Core0 (Socket 0),Core0 (Socket 0),Core0 (Socket 0),Core0 (Socket 0),Core0 (Socket 0),Core0 (Socket 0),Core0 (Socket 0),Core0 (Socket 0),Core0 (Socket 0),Core0 (Socket 0),Core0 (Socket 0),Core0 (Socket 0),Core0 (Socket 0),Core1 (Socket 0),Core1 (Socket 0),Core1 (Socket 0),Core1 (Socket 0),Core1 (Socket 0),Core1 (Socket 0),Core1 (Socket 0),Core1 (Socket 0),Core1 (Socket 0),Core1 (Socket 0),Core1 (Socket 0),Core1 (Socket 0),Core1 (Socket 0),Core1 (Socket 0),Core1 (Socket 0),Core1 (Socket 0),Core1 (Socket 0),Core1 (Socket 0),Core1 (Socket 0),Core1 (Socket 0),Core1 (Socket 0),Core1 (Socket 0),Core1 (Socket 0),Core2 (Socket 0),Core2 (Socket 0),Core2 (Socket 0),Core2 (Socket 0),Core2 (Socket 0),Core2 (Socket 0),Core2 (Socket 0),Core2 (Socket 0),Core2 (Socket 0),Core2 (Socket 0),Core2 (Socket 0),Core2 (Socket 0),Core2 (Socket 0),Core2 (Socket 0),Core2 (Socket 0),Core2 (Socket 0),Core2 (Socket 0),Core2 (Socket 0),Core2 (Socket 0),Core2 (Socket 0),Core2 (Socket 0),Core2 (Socket 0),Core2 (Socket 0),Core3 (Socket 0),Core3 (Socket 0),Core3 (Socket 0),Core3 (Socket 0),Core3 (Socket 0),Core3 (Socket 0),Core3 (Socket 0),Core3 (Socket 0),Core3 (Socket 0),Core3 (Socket 0),Core3 (Socket 0),Core3 (Socket 0),Core3 (Socket 0),Core3 (Socket 0),Core3 (Socket 0),Core3 (Socket 0),Core3 (Socket 0),Core3 (Socket 0),Core3 (Socket 0),Core3 (Socket 0),Core3 (Socket 0),Core3 (Socket 0),Core3 (Socket 0),Core4 (Socket 0),Core4 (Socket 0),Core4 (Socket 0),Core4 (Socket 0),Core4 (Socket 0),Core4 (Socket 0),Core4 (Socket 0),Core4 (Socket 0),Core4 (Socket 0),Core4 (Socket 0),Core4 (Socket 0),Core4 (Socket 0),Core4 (Socket 0),Core4 (Socket 0),Core4 (Socket 0),Core4 (Socket 0),Core4 (Socket 0),Core4 (Socket 0),Core4 (Socket 0),Core4 (Socket 0),Core4 (Socket 0),Core4 (Socket 0),Core4 (Socket 0),Core5 (Socket 0),Core5 (Socket 0),Core5 (Socket 0),Core5 (Socket 0),Core5 (Socket 0),Core5 (Socket 0),Core5 (Socket 0),Core5 (Socket 0),Core5 (Socket 0),Core5 (Socket 0),Core5 (Socket 0),Core5 (Socket 0),Core5 (Socket 0),Core5 (Socket 0),Core5 (Socket 0),Core5 (Socket 0),Core5 (Socket 0),Core5 (Socket 0),Core5 (Socket 0),Core5 (Socket 0),Core5 (Socket 0),Core5 (Socket 0),Core5 (Socket 0),Core6 (Socket 0),Core6 (Socket 0),Core6 (Socket 0),Core6 (Socket 0),Core6 (Socket 0),Core6 (Socket 0),Core6 (Socket 0),Core6 (Socket 0),Core6 (Socket 0),Core6 (Socket 0),Core6 (Socket 0),Core6 (Socket 0),Core6 (Socket 0),Core6 (Socket 0),Core6 (Socket 0),Core6 (Socket 0),Core6 (Socket 0),Core6 (Socket 0),Core6 (Socket 0),Core6 (Socket 0),Core6 (Socket 0),Core6 (Socket 0),Core6 (Socket 0),Core7 (Socket 0),Core7 (Socket 0),Core7 (Socket 0),Core7 (Socket 0),Core7 (Socket 0),Core7 (Socket 0),Core7 (Socket 0),Core7 (Socket 0),Core7 (Socket 0),Core7 (Socket 0),Core7 (Socket 0),Core7 (Socket 0),Core7 (Socket 0),Core7 (Socket 0),Core7 (Socket 0),Core7 (Socket 0),Core7 (Socket 0),Core7 (Socket 0),Core7 (Socket 0),Core7 (Socket 0),Core7 (Socket 0),Core7 (Socket 0),Core7 (Socket 0),
Date,Time,EXEC,IPC,FREQ,AFREQ,CFREQ,L3MISS,L2MISS,L3HIT,L3MPI,L2MPI,READ,WRITE,INST,ACYC,TIME(ticks),PhysIPC,PhysIPC%,INSTnom,INSTnom%,C0res%,C1res%,C3res%,C6res%,C7res%,C0res%,C2res%,C3res%,C6res%,C7res%,C8res%,C9res%,C10res%,Proc Energy (Joules),Power Plane 0 Energy (Joules),Power Plane 1 Energy (Joules),EXEC,IPC,FREQ,AFREQ,CFREQ,L3MISS,L2MISS,L3HIT,L3MPI,L2MPI,READ,WRITE,IO,IA,GT,TEMP,INST,ACYC,TIME(ticks),PhysIPC,PhysIPC%,INSTnom,INSTnom%,C0res%,C1res%,C3res%,C6res%,C7res%,C0res%,C2res%,C3res%,C6res%,C7res%,C8res%,C9res%,C10res%,SKT0,SKT0,SKT0,EXEC,IPC,FREQ,AFREQ,CFREQ,L3MISS,L2MISS,L3HIT,L3MPI,L2MPI,C0res%,C1res%,C3res%,C6res%,C7res%,TEMP,INST,ACYC,TIME(ticks),PhysIPC,PhysIPC%,INSTnom,INSTnom%,EXEC,IPC,FREQ,AFREQ,CFREQ,L3MISS,L2MISS,L3HIT,L3MPI,L2MPI,C0res%,C1res%,C3res%,C6res%,C7res%,TEMP,INST,ACYC,TIME(ticks),PhysIPC,PhysIPC%,INSTnom,INSTnom%,EXEC,IPC,FREQ,AFREQ,CFREQ,L3MISS,L2MISS,L3HIT,L3MPI,L2MPI,C0res%,C1res%,C3res%,C6res%,C7res%,TEMP,INST,ACYC,TIME(ticks),PhysIPC,PhysIPC%,INSTnom,INSTnom%,EXEC,IPC,FREQ,AFREQ,CFREQ,L3MISS,L2MISS,L3HIT,L3MPI,L2MPI,C0res%,C1res%,C3res%,C6res%,C7res%,TEMP,INST,ACYC,TIME(ticks),PhysIPC,PhysIPC%,INSTnom,INSTnom%,EXEC,IPC,FREQ,AFREQ,CFREQ,L3MISS,L2MISS,L3HIT,L3MPI,L2MPI,C0res%,C1res%,C3res%,C6res%,C7res%,TEMP,INST,ACYC,TIME(ticks),PhysIPC,PhysIPC%,INSTnom,INSTnom%,EXEC,IPC,FREQ,AFREQ,CFREQ,L3MISS,L2MISS,L3HIT,L3MPI,L2MPI,C0res%,C1res%,C3res%,C6res%,C7res%,TEMP,INST,ACYC,TIME(ticks),PhysIPC,PhysIPC%,INSTnom,INSTnom%,EXEC,IPC,FREQ,AFREQ,CFREQ,L3MISS,L2MISS,L3HIT,L3MPI,L2MPI,C0res%,C1res%,C3res%,C6res%,C7res%,TEMP,INST,ACYC,TIME(ticks),PhysIPC,PhysIPC%,INSTnom,INSTnom%,EXEC,IPC,FREQ,AFREQ,CFREQ,L3MISS,L2MISS,L3HIT,L3MPI,L2MPI,C0res%,C1res%,C3res%,C6res%,C7res%,TEMP,INST,ACYC,TIME(ticks),PhysIPC,PhysIPC%,INSTnom,INSTnom%,
2024-12-03,14:24:36.020,0.17,1.36,0.12,0.89,3.75,3.99,30.52,0.87,0.0007,0.0054,2.46,0.70,5684.34,4165.45,4206.54,2.73,68.23,0.34,8.45,13.85,63.90,0.23,0.00,22.02,100.00,0.00,0.00,0.00,0.00,0.00,0.00,0.00,41.05,0.00,0.00,0.17,1.36,0.12,0.89,3.75,3.99,30.52,0.87,0.0007,0.0054,2.46,0.70,0.01,3.22,0.00, 0,5684.34,4165.45,4206.54,2.73,68.23,0.34,8.45,13.85,63.90,0.23,0.00,22.02,100.00,0.00,0.00,0.00,0.00,0.00,0.00,0.00,41.05,29.82,0.00,0.39,1.30,0.30,0.89,3.75,0.14,1.39,0.89,0.0001,0.0009,33.22,66.78,0.00,0.00,0.00, 0,1621.63,1248.99,4206.54,2.60,64.92,0.77,19.28,0.39,1.30,0.30,0.89,3.75,0.04,1.28,0.97,0.0000,0.0008,33.27,66.73,0.00,0.00,0.00, 0,1626.55,1250.91,4206.54,2.60,65.01,0.77,19.33,0.01,0.47,0.02,0.90,3.76,0.50,3.96,0.87,0.0103,0.0820,2.76,56.98,0.45,0.00,39.81,11,48.36,103.89,4206.54,0.93,23.28,0.02,0.57,0.19,1.70,0.11,0.88,3.69,0.37,2.15,0.82,0.0005,0.0026,12.94,46.79,0.45,0.00,39.81,11,812.62,477.66,4206.54,3.40,85.06,0.39,9.66,0.08,1.20,0.06,0.90,3.80,0.45,3.73,0.88,0.0014,0.0116,7.01,74.03,0.00,0.00,18.96, 3,320.90,266.41,4206.54,2.41,60.23,0.15,3.81,0.04,1.16,0.04,0.90,3.78,1.02,9.81,0.89,0.0059,0.0569,3.93,77.10,0.00,0.00,18.96, 3,172.38,149.06,4206.54,2.31,57.82,0.08,2.05,0.21,1.82,0.12,0.90,3.79,0.82,5.52,0.85,0.0009,0.0062,12.88,57.36,0.47,0.00,29.30,11,890.39,488.90,4206.54,3.64,91.06,0.42,10.58,0.05,1.07,0.04,0.89,3.74,0.65,2.69,0.75,0.0034,0.0140,4.79,65.44,0.47,0.00,29.30,11,191.51,179.63,4206.54,2.13,53.31,0.09,2.28,
2024-12-03,14:24:37.048,0.00,0.62,0.00,0.90,3.78,3.28,35.84,0.91,0.3080,3.3657,1.98,0.38,10.65,17.30,4250.33,1.23,30.78,0.00,0.02,0.06,73.15,0.37,0.00,26.42,100.00,0.00,0.00,0.00,0.00,0.00,0.00,0.00,40.62,0.00,0.00,0.00,0.62,0.00,0.90,3.78,3.28,35.84,0.91,0.3080,3.3657,1.98,0.38,0.00,2.42,0.00, 0,10.65,17.30,4250.33,1.23,30.78,0.00,0.02,0.06,73.15,0.37,0.00,26.42,100.00,0.00,0.00,0.00,0.00,0.00,0.00,0.00,40.62,29.28,0.00,0.00,0.57,0.00,0.88,3.71,0.13,1.43,0.91,0.1080,1.1741,0.06,99.94,0.00,0.00,0.00, 0,1.21,2.13,4250.33,1.14,28.56,0.00,0.01,0.00,0.58,0.00,0.90,3.76,0.02,1.21,0.99,0.0138,0.9697,0.06,99.94,0.00,0.00,0.00, 0,1.24,2.16,4250.33,1.15,28.83,0.00,0.01,0.00,0.67,0.00,0.91,3.81,0.60,4.33,0.86,0.4127,2.9689,0.06,46.30,0.37,0.00,53.27, 1,1.46,2.17,4250.33,1.34,33.54,0.00,0.02,0.00,0.65,0.00,0.91,3.81,0.29,2.71,0.89,0.2016,1.9016,0.06,45.46,0.37,0.00,54.11, 3,1.43,2.18,4250.33,1.31,32.74,0.00,0.02,0.00,0.67,0.00,0.91,3.81,0.32,4.12,0.92,0.2216,2.8107,0.06,86.46,0.44,0.00,13.04,12,1.46,2.17,4250.33,1.35,33.70,0.00,0.02,0.00,0.62,0.00,0.90,3.76,0.90,11.74,0.92,0.6782,8.8422,0.06,86.46,0.44,0.00,13.04,12,1.33,2.15,4250.33,1.23,30.82,0.00,0.02,0.00,0.57,0.00,0.90,3.76,0.76,8.55,0.91,0.6101,6.8952,0.06,60.53,0.68,0.00,38.74,11,1.24,2.16,4250.33,1.15,28.73,0.00,0.01,0.00,0.58,0.00,0.91,3.81,0.26,1.77,0.85,0.2049,1.3857,0.06,60.53,0.68,0.00,38.74,11,1.28,2.18,4250.33,1.17,29.24,0.00,0.02,
2024-12-03,14:24:38.235,0.00,0.60,0.00,0.88,3.72,4.14,25.10,0.83,0.4058,2.4624,2.67,0.81,10.19,17.01,4250.25,1.20,29.96,0.00,0.01,0.06,75.33,0.32,0.00,24.29,100.00,0.00,0.00,0.00,0.00,0.00,0.00,0.00,40.59,0.00,0.00,0.00,0.60,0.00,0.88,3.72,4.14,25.10,0.83,0.4058,2.4624,2.67,0.81,0.01,3.55,0.00, 0,10.19,17.01,4250.25,1.20,29.96,0.00,0.01,0.06,75.33,0.32,0.00,24.29,100.00,0.00,0.00,0.00,0.00,0.00,0.00,0.00,40.59,29.21,0.00,0.00,0.54,0.00,0.88,3.71,0.14,1.40,0.90,0.1190,1.2180,0.06,99.94,0.00,0.00,0.00, 0,1.15,2.13,4250.25,1.08,26.98,0.00,0.01,0.00,0.57,0.00,0.88,3.71,0.03,1.20,0.98,0.0208,0.9870,0.06,99.94,0.00,0.00,0.00, 0,1.21,2.13,4250.25,1.14,28.49,0.00,0.01,0.00,0.66,0.00,0.88,3.71,0.77,3.75,0.79,0.5491,2.6657,0.06,49.25,1.01,0.00,49.69, 8,1.41,2.12,4250.25,1.33,33.22,0.00,0.02,0.00,0.66,0.00,0.88,3.71,0.27,1.05,0.73,0.1915,0.7591,0.06,50.04,0.99,0.00,48.92, 8,1.39,2.12,4250.25,1.31,32.80,0.00,0.02,0.00,0.54,0.00,0.90,3.76,0.47,2.49,0.80,0.4029,2.1206,0.05,86.83,0.01,0.00,13.11, 0,1.17,2.16,4250.25,1.09,27.16,0.00,0.01,0.00,0.62,0.00,0.88,3.71,1.28,8.55,0.85,0.9697,6.4577,0.06,84.33,0.01,0.00,15.60, 2,1.32,2.12,4250.25,1.25,31.24,0.00,0.02,0.00,0.58,0.00,0.88,3.71,0.79,4.65,0.83,0.6403,3.7637,0.06,64.87,0.32,0.00,34.75,10,1.23,2.12,4250.25,1.17,29.14,0.00,0.01,0.00,0.61,0.00,0.88,3.71,0.39,2.01,0.80,0.2976,1.5433,0.06,64.87,0.32,0.00,34.75,10,1.31,2.12,4250.25,1.23,30.75,0.00,0.02,
2024-12-03,14:24:39.084,0.00,0.61,0.00,0.88,3.71,3.40,20.94,0.83,0.4394,2.7024,2.36,0.77,7.75,12.68,4283.94,1.22,30.56,0.00,0.01,0.04,77.69,0.36,0.00,21.91,100.00,0.00,0.00,0.00,0.00,0.00,0.00,0.00,40.60,0.00,0.00,0.00,0.61,0.00,0.88,3.71,3.40,20.94,0.83,0.4394,2.7024,2.36,0.77,0.01,3.20,0.00, 0,7.75,12.68,4283.94,1.22,30.56,0.00,0.01,0.04,77.69,0.36,0.00,21.91,100.00,0.00,0.00,0.00,0.00,0.00,0.00,0.00,40.60,29.15,0.00,0.00,0.57,0.00,0.88,3.70,0.14,1.60,0.91,0.1180,1.3518,0.05,99.95,0.00,0.00,0.00, 0,1.18,2.07,4283.94,1.14,28.54,0.00,0.01,0.00,0.57,0.00,0.91,3.81,0.04,1.42,0.97,0.0640,2.2975,0.03,99.97,0.00,0.00,0.00, 0,0.62,1.09,4283.94,1.13,28.32,0.00,0.01,0.00,0.65,0.00,0.88,3.71,0.53,3.67,0.85,0.3840,2.6573,0.06,64.63,0.09,0.00,35.22, 8,1.38,2.12,4283.94,1.30,32.48,0.00,0.02,0.00,0.68,0.00,0.88,3.71,0.57,3.40,0.83,0.3994,2.3778,0.06,64.64,0.09,0.00,35.21, 8,1.43,2.12,4283.94,1.35,33.76,0.00,0.02,0.00,0.58,0.00,0.90,3.76,0.37,2.43,0.84,0.2946,1.9543,0.07,69.40,0.49,0.00,30.04,13,1.24,2.16,4283.94,1.15,28.85,0.00,0.02,0.00,0.62,0.00,0.87,3.64,1.10,4.83,0.77,0.8656,3.8004,0.05,75.65,0.39,0.00,23.91, 6,1.27,2.05,4283.94,1.24,31.08,0.00,0.01,0.00,-1.00,0.00,-1.00,-0.00,0.22,1.53,0.84,inf,inf,0.00,72.91,0.91,0.00,26.18, 5,0.00,0.00,4283.94,-1.00,-25.00,0.00,0.00,0.00,0.58,0.00,0.88,3.71,0.44,2.05,0.77,0.7038,3.3098,0.03,72.88,0.91,0.00,26.18, 5,0.62,1.06,4283.94,1.16,29.08,0.00,0.01,
2024-12-03,14:24:40.076,0.00,0.60,0.00,0.89,3.74,5.93,25.18,0.75,0.7211,3.0607,3.36,0.95,8.23,13.68,4250.74,1.20,30.07,0.00,0.01,0.05,72.41,3.21,0.00,24.34,100.00,0.00,0.00,0.00,0.00,0.00,0.00,0.00,38.05,0.00,0.00,0.00,0.60,0.00,0.89,3.74,5.93,25.18,0.75,0.7211,3.0607,3.36,0.95,0.08,4.30,0.00, 0,8.23,13.68,4250.74,1.20,30.07,0.00,0.01,0.05,72.41,3.21,0.00,24.34,100.00,0.00,0.00,0.00,0.00,0.00,0.00,0.00,38.05,26.67,0.00,0.00,0.54,0.00,0.88,3.70,0.27,2.16,0.87,0.2377,1.9331,0.06,99.94,0.00,0.00,0.00, 0,1.12,2.06,4250.74,1.08,27.12,0.00,0.01,0.00,0.55,0.00,0.88,3.71,0.06,1.49,0.96,0.0513,1.2604,0.06,99.94,0.00,0.00,0.00, 0,1.18,2.14,4250.74,1.10,27.61,0.00,0.01,0.00,0.67,0.00,0.90,3.77,0.82,3.90,0.78,0.5832,2.7631,0.06,57.59,4.78,0.00,37.57, 5,1.41,2.11,4250.74,1.34,33.51,0.00,0.02,0.00,0.65,0.00,0.89,3.76,0.38,2.32,0.83,0.2828,1.7314,0.05,57.59,4.78,0.00,37.57, 5,1.34,2.07,4250.74,1.30,32.41,0.00,0.02,0.00,0.68,0.00,0.88,3.71,2.18,5.78,0.60,3.0581,8.0998,0.03,83.02,2.99,0.00,13.96, 9,0.71,1.06,4250.74,1.35,33.76,0.00,0.01,0.00,0.55,0.00,0.88,3.71,0.80,3.32,0.75,1.3513,5.6336,0.03,82.67,3.05,0.00,14.26, 9,0.59,1.06,4250.74,1.11,27.70,0.00,0.01,0.00,0.58,0.00,0.89,3.73,0.74,3.95,0.80,0.6106,3.2533,0.06,49.34,5.03,0.00,45.57, 9,1.21,2.09,4250.74,1.16,29.01,0.00,0.01,0.00,0.60,0.00,0.91,3.81,0.68,2.25,0.68,1.0349,3.4198,0.03,49.36,5.03,0.00,45.58, 9,0.66,1.09,4250.74,1.21,30.20,0.00,0.01,
2024-12-03,14:24:41.175,0.00,0.62,0.00,0.88,3.68,7.89,31.29,0.73,0.7561,3.0001,4.26,1.04,10.43,16.84,4218.27,1.24,30.97,0.00,0.02,0.06,81.10,0.11,0.00,18.73,100.00,0.00,0.00,0.00,0.00,0.00,0.00,0.00,39.58,0.00,0.00,0.00,0.62,0.00,0.88,3.68,7.89,31.29,0.73,0.7561,3.0001,4.26,1.04,0.10,5.25,0.00, 0,10.43,16.84,4218.27,1.24,30.97,0.00,0.02,0.06,81.10,0.11,0.00,18.73,100.00,0.00,0.00,0.00,0.00,0.00,0.00,0.00,39.58,28.27,0.00,0.00,0.57,0.00,0.88,3.71,0.22,2.41,0.90,0.1843,1.9830,0.06,99.94,0.00,0.00,0.00, 2,1.22,2.13,4218.27,1.14,28.56,0.00,0.01,0.00,0.57,0.00,0.88,3.71,0.07,1.98,0.97,0.0546,1.6413,0.06,99.94,0.00,0.00,0.00, 2,1.21,2.14,4218.27,1.13,28.28,0.00,0.01,0.00,0.68,0.00,0.88,3.71,1.78,6.75,0.72,1.2455,4.7089,0.06,75.27,0.07,0.00,24.60, 0,1.43,2.11,4218.27,1.36,33.90,0.00,0.02,0.00,0.66,0.00,0.88,3.71,0.37,2.88,0.87,0.2690,2.0656,0.06,75.41,0.07,0.00,24.46, 0,1.39,2.12,4218.27,1.31,32.83,0.00,0.02,0.00,0.67,0.00,0.91,3.81,2.57,6.25,0.56,1.7521,4.2623,0.06,78.16,0.31,0.00,21.47, 6,1.47,2.17,4218.27,1.35,33.69,0.00,0.02,0.00,0.56,0.00,0.84,3.51,0.84,3.77,0.76,0.7541,3.3805,0.05,80.05,0.29,0.00,19.61, 4,1.11,1.97,4218.27,1.13,28.24,0.00,0.01,0.00,0.61,0.00,0.86,3.61,1.37,4.97,0.70,1.0853,3.9269,0.06,70.07,0.06,0.00,29.81, 3,1.27,2.07,4218.27,1.22,30.54,0.00,0.02,0.00,0.63,0.00,0.88,3.71,0.66,2.29,0.68,0.4920,1.7166,0.06,70.08,0.06,0.00,29.80, 3,1.34,2.12,4218.27,1.26,31.49,0.00,0.02,
2024-12-03,14:24:42.092,0.00,0.62,0.00,0.87,3.64,6.91,33.24,0.78,0.6753,3.2476,3.92,0.91,10.23,16.62,4215.00,1.23,30.80,0.00,0.02,0.06,90.82,2.08,0.00,7.04,100.00,0.00,0.00,0.00,0.00,0.00,0.00,0.00,40.02,0.00,0.00,0.00,0.62,0.00,0.87,3.64,6.91,33.24,0.78,0.6753,3.2476,3.92,0.91,0.08,4.84,0.00, 0,10.23,16.62,4215.00,1.23,30.80,0.00,0.02,0.06,90.82,2.08,0.00,7.04,100.00,0.00,0.00,0.00,0.00,0.00,0.00,0.00,40.02,28.71,0.00,0.00,0.57,0.00,0.88,3.71,0.23,1.81,0.87,0.1876,1.4885,0.06,99.94,0.00,0.00,0.00, 0,1.21,2.13,4215.00,1.14,28.48,0.00,0.01,0.00,0.57,0.00,0.87,3.63,0.10,2.01,0.95,0.0879,1.7608,0.05,99.95,0.00,0.00,0.00, 0,1.14,2.00,4215.00,1.14,28.52,0.00,0.01,0.00,0.68,0.00,0.86,3.61,1.68,7.96,0.78,1.2029,5.6957,0.06,93.74,2.49,0.00,3.71, 4,1.40,2.06,4215.00,1.36,33.99,0.00,0.02,0.00,0.67,0.00,0.86,3.61,0.42,2.40,0.82,0.2998,1.7200,0.06,93.70,2.51,0.00,3.73, 4,1.39,2.06,4215.00,1.35,33.74,0.00,0.02,0.00,0.61,0.00,0.86,3.61,1.27,5.54,0.76,1.0052,4.3938,0.06,79.54,4.81,0.00,15.59, 7,1.26,2.07,4215.00,1.22,30.46,0.00,0.01,0.00,0.59,0.00,0.86,3.61,1.07,3.37,0.67,0.8777,2.7543,0.06,77.40,5.31,0.00,17.23, 7,1.22,2.07,4215.00,1.18,29.51,0.00,0.02,0.00,0.58,0.00,0.88,3.71,1.37,5.70,0.75,1.1169,4.6411,0.06,90.55,0.92,0.00,8.47, 5,1.23,2.12,4215.00,1.16,28.90,0.00,0.01,0.00,0.66,0.00,0.87,3.66,0.77,4.46,0.82,0.5616,3.2377,0.06,90.47,0.93,0.00,8.54, 4,1.38,2.10,4215.00,1.31,32.85,0.00,0.02,
2024-12-03,14:24:43.089,0.00,0.62,0.00,0.89,3.73,4.07,19.60,0.78,0.3802,1.8312,2.33,0.49,10.70,17.22,4216.89,1.24,31.07,0.00,0.02,0.06,56.48,1.36,0.00,42.10,100.00,0.00,0.00,0.00,0.00,0.00,0.00,0.00,34.32,0.00,0.00,0.00,0.62,0.00,0.89,3.73,4.07,19.60,0.78,0.3802,1.8312,2.33,0.49,0.01,2.89,0.00, 0,10.70,17.22,4216.89,1.24,31.07,0.00,0.02,0.06,56.48,1.36,0.00,42.10,100.00,0.00,0.00,0.00,0.00,0.00,0.00,0.00,34.32,23.04,0.00,0.00,0.51,0.00,0.88,3.71,0.18,1.80,0.90,0.1510,1.5343,0.06,99.94,0.00,0.00,0.00, 0,1.17,2.32,4216.89,1.01,25.28,0.00,0.01,0.00,0.57,0.00,0.88,3.71,0.03,1.16,0.97,0.0287,0.9565,0.06,99.94,0.00,0.00,0.00, 0,1.22,2.14,4216.89,1.14,28.47,0.00,0.01,0.00,0.68,0.00,0.88,3.71,0.57,3.20,0.81,0.4003,2.2355,0.06,40.90,0.74,0.00,58.30,10,1.43,2.11,4216.89,1.36,33.93,0.00,0.02,0.00,0.68,0.00,0.88,3.71,0.74,2.18,0.64,0.5158,1.5181,0.06,40.89,0.74,0.00,58.31,10,1.43,2.12,4216.89,1.35,33.85,0.00,0.02,0.00,0.67,0.00,0.90,3.76,0.21,1.48,0.84,0.1485,1.0215,0.06,45.68,0.08,0.00,54.18, 6,1.45,2.15,4216.89,1.35,33.67,0.00,0.02,0.00,0.67,0.00,0.90,3.78,1.08,4.87,0.77,0.7647,3.4546,0.06,45.74,0.08,0.00,54.12, 6,1.41,2.12,4216.89,1.33,33.28,0.00,0.02,0.00,0.57,0.00,0.88,3.71,0.78,3.00,0.73,0.6416,2.4760,0.06,39.07,4.64,0.00,56.23,10,1.21,2.13,4216.89,1.14,28.42,0.00,0.01,0.00,0.64,0.00,0.90,3.76,0.48,1.91,0.74,0.3437,1.3844,0.06,39.57,4.61,0.00,55.77,10,1.38,2.15,4216.89,1.29,32.17,0.00,0.02,
2024-12-03,14:24:44.100,0.00,0.60,0.00,0.87,3.66,5.14,30.99,0.82,0.5464,3.2910,3.69,0.57,9.42,15.76,4250.28,1.19,29.87,0.00,0.01,0.05,90.64,0.84,0.00,8.47,100.00,0.00,0.00,0.00,0.00,0.00,0.00,0.00,40.03,0.00,0.00,0.00,0.60,0.00,0.87,3.66,5.14,30.99,0.82,0.5464,3.2910,3.69,0.57,0.01,4.31,0.00, 0,9.42,15.76,4250.28,1.19,29.87,0.00,0.01,0.05,90.64,0.84,0.00,8.47,100.00,0.00,0.00,0.00,0.00,0.00,0.00,0.00,40.03,28.66,0.00,0.00,0.57,0.00,0.86,3.61,0.22,1.61,0.86,0.1875,1.3589,0.06,99.94,0.00,0.00,0.00, 0,1.19,2.07,4250.28,1.14,28.60,0.00,0.01,0.00,0.57,0.00,0.87,3.66,0.06,1.36,0.95,0.0525,1.1403,0.06,99.94,0.00,0.00,0.00, 0,1.20,2.10,4250.28,1.14,28.49,0.00,0.01,0.00,0.67,0.00,0.88,3.71,1.24,7.12,0.82,0.8756,5.0457,0.06,89.25,0.52,0.00,10.17, 4,1.41,2.12,4250.28,1.33,33.26,0.00,0.02,0.00,0.65,0.00,0.86,3.61,0.39,2.16,0.81,0.2905,1.6056,0.06,89.26,0.52,0.00,10.17, 4,1.35,2.06,4250.28,1.31,32.66,0.00,0.02,0.00,0.55,0.00,0.86,3.61,0.73,5.04,0.84,0.6418,4.4077,0.06,88.28,1.26,0.00,10.41, 7,1.14,2.07,4250.28,1.10,27.62,0.00,0.01,0.00,0.54,0.00,0.88,3.71,1.31,4.84,0.72,2.2280,8.2536,0.03,88.29,1.26,0.00,10.42, 7,0.59,1.08,4250.28,1.09,27.21,0.00,0.01,0.00,0.60,0.00,0.88,3.71,0.74,5.70,0.86,0.5778,4.4637,0.06,85.05,1.60,0.00,13.29, 7,1.28,2.13,4250.28,1.20,29.97,0.00,0.02,0.00,0.60,0.00,0.88,3.71,0.45,3.15,0.85,0.3583,2.4820,0.06,85.05,1.60,0.00,13.29, 7,1.27,2.13,4250.28,1.19,29.79,0.00,0.01,
2024-12-03,14:24:45.113,0.00,0.59,0.00,0.81,3.40,5.98,30.68,0.80,0.6865,3.5227,3.88,0.79,8.71,14.65,4233.90,1.19,29.72,0.00,0.01,0.05,95.72,0.06,0.00,4.16,100.00,0.00,0.00,0.00,0.00,0.00,0.00,0.00,40.99,0.00,0.00,0.00,0.59,0.00,0.81,3.40,5.98,30.68,0.80,0.6865,3.5227,3.88,0.79,0.02,4.70,0.00, 0,8.71,14.65,4233.90,1.19,29.72,0.00,0.01,0.05,95.72,0.06,0.00,4.16,100.00,0.00,0.00,0.00,0.00,0.00,0.00,0.00,40.99,29.64,0.00,0.00,0.57,0.00,0.86,3.61,0.30,2.07,0.85,0.2504,1.7419,0.06,99.94,0.00,0.00,0.00, 0,1.19,2.07,4233.90,1.15,28.65,0.00,0.01,0.00,0.57,0.00,0.81,3.41,0.10,1.72,0.94,0.0860,1.5397,0.06,99.94,0.00,0.00,0.00, 0,1.12,1.97,4233.90,1.14,28.39,0.00,0.01,0.00,0.68,0.00,0.80,3.36,0.83,4.76,0.82,0.6385,3.6725,0.06,98.13,0.14,0.00,1.68, 2,1.30,1.92,4233.90,1.35,33.77,0.00,0.02,0.00,0.68,0.00,0.80,3.36,0.53,3.57,0.84,0.4083,2.7546,0.06,98.12,0.14,0.00,1.69, 4,1.30,1.92,4233.90,1.35,33.79,0.00,0.02,0.00,0.54,0.00,0.87,3.66,0.99,4.72,0.78,0.8693,4.1539,0.06,89.55,0.06,0.00,10.34,11,1.14,2.10,4233.90,1.08,27.03,0.00,0.01,0.00,0.57,0.00,0.76,3.21,1.27,5.06,0.74,2.3973,9.5710,0.03,89.58,0.06,0.00,10.33,11,0.53,0.92,4233.90,1.15,28.68,0.00,0.01,0.00,0.57,0.00,0.74,3.11,0.99,4.89,0.79,0.9609,4.7621,0.06,95.26,0.03,0.00,4.65, 9,1.03,1.79,4233.90,1.15,28.67,0.00,0.01,0.00,0.57,0.00,0.81,3.41,0.99,3.90,0.73,0.8796,3.4698,0.06,95.26,0.03,0.00,4.65, 9,1.12,1.96,4233.90,1.14,28.60,0.00,0.01,
2024-12-03,14:24:46.116,0.00,0.59,0.00,0.86,3.59,6.61,28.89,0.76,0.6827,2.9812,3.74,0.68,9.69,16.38,4233.71,1.18,29.57,0.00,0.01,0.06,82.83,0.03,0.00,17.08,100.00,0.00,0.00,0.00,0.00,0.00,0.00,0.00,40.10,0.00,0.00,0.00,0.59,0.00,0.86,3.59,6.61,28.89,0.76,0.6827,2.9812,3.74,0.68,0.02,4.47,0.00, 0,9.69,16.38,4233.71,1.18,29.57,0.00,0.01,0.06,82.83,0.03,0.00,17.08,100.00,0.00,0.00,0.00,0.00,0.00,0.00,0.00,40.10,28.76,0.00,0.00,0.53,0.00,0.86,3.60,0.30,1.97,0.84,0.2797,1.8356,0.06,99.94,0.00,0.00,0.00, 0,1.07,2.03,4233.71,1.06,26.47,0.00,0.01,0.00,0.57,0.00,0.86,3.61,0.13,1.42,0.91,0.1056,1.1929,0.06,99.94,0.00,0.00,0.00, 0,1.19,2.08,4233.71,1.14,28.60,0.00,0.01,0.00,0.58,0.00,0.85,3.56,1.24,4.49,0.71,1.0359,3.7540,0.06,69.12,0.00,0.00,30.82, 0,1.19,2.05,4233.71,1.17,29.21,0.00,0.01,0.00,0.68,0.00,0.86,3.61,0.79,3.62,0.78,0.5669,2.6045,0.06,69.29,0.00,0.00,30.66, 0,1.39,2.06,4233.71,1.35,33.75,0.00,0.02,0.00,0.60,0.00,0.86,3.61,0.66,3.27,0.79,0.5271,2.6094,0.06,68.85,0.02,0.00,31.07,11,1.25,2.07,4233.71,1.21,30.23,0.00,0.01,0.00,0.60,0.00,0.86,3.61,1.41,4.83,0.70,1.1284,3.8485,0.06,68.86,0.02,0.00,31.07,11,1.25,2.07,4233.71,1.21,30.24,0.00,0.01,0.00,0.56,0.00,0.86,3.61,0.63,3.98,0.84,0.5414,3.4419,0.06,93.30,0.10,0.00,6.55, 9,1.16,2.08,4233.71,1.11,27.80,0.00,0.01,0.00,0.61,0.00,0.84,3.53,1.46,5.31,0.72,1.2420,4.5153,0.05,93.30,0.10,0.00,6.55, 9,1.18,1.94,4233.71,1.21,30.29,0.00,0.01,
2024-12-03,14:24:47.124,0.00,0.58,0.00,0.85,3.55,7.61,36.91,0.79,0.8147,3.9515,4.77,1.00,9.34,16.11,4233.58,1.16,28.99,0.00,0.01,0.06,94.35,0.01,0.00,5.58,100.00,0.00,0.00,0.00,0.00,0.00,0.00,0.00,42.56,0.00,0.00,0.00,0.58,0.00,0.85,3.55,7.61,36.91,0.79,0.8147,3.9515,4.77,1.00,0.01,5.82,0.00, 2,9.34,16.11,4233.58,1.16,28.99,0.00,0.01,0.06,94.35,0.01,0.00,5.58,100.00,0.00,0.00,0.00,0.00,0.00,0.00,0.00,42.56,31.18,0.00,0.00,0.58,0.00,0.86,3.62,0.35,1.96,0.81,0.2985,1.6635,0.06,99.94,0.00,0.00,0.00, 2,1.18,2.03,4233.58,1.16,28.97,0.00,0.01,0.00,0.57,0.00,0.83,3.50,0.20,2.05,0.90,0.1776,1.8440,0.05,99.95,0.00,0.00,0.00, 2,1.11,1.94,4233.58,1.15,28.64,0.00,0.01,0.00,0.60,0.00,0.86,3.61,1.24,5.85,0.78,0.9915,4.6787,0.06,96.44,0.00,0.00,3.50, 3,1.25,2.07,4233.58,1.21,30.24,0.00,0.01,0.00,0.67,0.00,0.86,3.61,1.02,5.90,0.82,0.7357,4.2692,0.06,96.44,0.00,0.00,3.50, 3,1.38,2.06,4233.58,1.34,33.54,0.00,0.02,0.00,0.53,0.00,0.86,3.59,1.10,4.72,0.76,1.0310,4.4384,0.06,88.76,0.02,0.00,11.16, 4,1.06,2.02,4233.58,1.05,26.29,0.00,0.01,0.00,0.55,0.00,0.86,3.60,1.21,5.38,0.77,1.0743,4.7913,0.06,88.76,0.02,0.00,11.17, 4,1.12,2.04,4233.58,1.10,27.57,0.00,0.01,0.00,0.58,0.00,0.81,3.41,0.95,4.93,0.80,0.8376,4.3599,0.06,92.26,0.04,0.00,7.65, 6,1.13,1.97,4233.58,1.15,28.77,0.00,0.01,0.00,0.55,0.00,0.82,3.46,1.55,6.13,0.74,1.4071,5.5446,0.06,92.26,0.04,0.00,7.65, 6,1.10,1.99,4233.58,1.11,27.73,0.00,0.01,
2024-12-03,14:24:48.147,0.00,0.57,0.00,0.78,3.28,6.43,56.20,0.87,0.9316,8.1443,4.68,1.24,6.90,12.14,4263.95,1.14,28.43,0.00,0.01,0.05,99.95,0.00,0.00,0.00,100.00,0.00,0.00,0.00,0.00,0.00,0.00,0.00,42.90,0.00,0.00,0.00,0.57,0.00,0.78,3.28,6.43,56.20,0.87,0.9316,8.1443,4.68,1.24,0.01,5.99,0.00, 0,6.90,12.14,4263.95,1.14,28.43,0.00,0.01,0.05,99.95,0.00,0.00,0.00,100.00,0.00,0.00,0.00,0.00,0.00,0.00,0.00,42.90,31.41,0.00,0.00,0.59,0.00,0.84,3.51,0.77,6.38,0.87,0.6471,5.3271,0.06,99.94,0.00,0.00,0.00, 3,1.20,2.02,4263.95,1.19,29.65,0.00,0.01,0.00,0.58,0.00,0.76,3.21,0.50,4.60,0.88,0.4802,4.4023,0.06,99.94,0.00,0.00,0.00, 3,1.05,1.81,4263.95,1.15,28.81,0.00,0.01,0.00,0.58,0.00,0.78,3.26,0.60,6.51,0.90,0.5518,6.0182,0.06,99.94,0.00,0.00,0.00, 0,1.08,1.88,4263.95,1.15,28.78,0.00,0.01,0.00,0.57,0.00,0.77,3.25,1.03,7.35,0.85,0.9849,7.0437,0.06,99.94,0.00,0.00,0.00, 0,1.04,1.83,4263.95,1.14,28.48,0.00,0.01,0.00,0.52,0.00,0.76,3.21,0.92,8.24,0.87,1.9273,17.2099,0.03,99.97,0.00,0.00,0.00, 5,0.48,0.92,4263.95,1.04,25.89,0.00,0.01,0.00,0.53,0.00,0.77,3.22,1.09,8.56,0.86,2.2896,17.9314,0.03,99.97,0.00,0.00,0.00, 6,0.48,0.90,4263.95,1.06,26.42,0.00,0.01,0.00,0.57,0.00,0.78,3.26,0.68,7.47,0.90,0.6334,6.9662,0.06,99.94,0.00,0.00,0.00, 4,1.07,1.87,4263.95,1.14,28.62,0.00,0.01,0.00,0.57,0.00,0.77,3.22,0.83,7.09,0.87,1.6505,14.0585,0.03,99.97,0.00,0.00,0.00, 3,0.50,0.89,4263.95,1.13,28.34,0.00,0.01,
2024-12-03,14:24:49.155,0.00,0.56,0.00,0.77,3.23,4.92,50.12,0.89,0.5287,5.3803,3.89,1.05,9.31,16.71,4236.55,1.11,27.87,0.00,0.01,0.06,99.94,0.00,0.00,0.00,100.00,0.00,0.00,0.00,0.00,0.00,0.00,0.00,41.43,0.00,0.00,0.00,0.56,0.00,0.77,3.23,4.92,50.12,0.89,0.5287,5.3803,3.89,1.05,0.00,4.99,0.00, 0,9.31,16.71,4236.55,1.11,27.87,0.00,0.01,0.06,99.94,0.00,0.00,0.00,100.00,0.00,0.00,0.00,0.00,0.00,0.00,0.00,41.43,30.10,0.00,0.00,0.59,0.00,0.76,3.21,0.74,6.04,0.87,0.6801,5.5444,0.06,99.94,0.00,0.00,0.00, 2,1.09,1.85,4236.55,1.18,29.44,0.00,0.01,0.00,0.57,0.00,0.78,3.26,0.41,3.22,0.86,0.3846,2.9973,0.06,99.94,0.00,0.00,0.00, 2,1.08,1.88,4236.55,1.15,28.68,0.00,0.01,0.00,0.58,0.00,0.78,3.27,0.39,5.77,0.92,0.3630,5.3869,0.06,99.94,0.00,0.00,0.00, 0,1.07,1.84,4236.55,1.16,29.05,0.00,0.01,0.00,0.58,0.00,0.78,3.26,0.34,5.60,0.93,0.3115,5.1954,0.06,99.94,0.00,0.00,0.00, 1,1.08,1.87,4236.55,1.15,28.83,0.00,0.01,0.00,0.58,0.00,0.75,3.16,0.87,7.78,0.88,0.8211,7.3639,0.06,99.94,0.00,0.00,0.00, 3,1.06,1.82,4236.55,1.16,28.99,0.00,0.01,0.00,0.48,0.00,0.74,3.11,0.70,7.91,0.90,0.3994,4.5447,0.12,99.88,0.00,0.00,0.00, 5,1.74,3.61,4236.55,0.96,24.11,0.00,0.02,0.00,0.57,0.00,0.81,3.41,0.80,7.36,0.88,0.7063,6.5358,0.06,99.94,0.00,0.00,0.00, 3,1.13,1.96,4236.55,1.15,28.73,0.00,0.01,0.00,0.57,0.00,0.79,3.33,0.69,6.41,0.88,0.6386,5.9698,0.06,99.94,0.00,0.00,0.00, 3,1.07,1.88,4236.55,1.15,28.65,0.00,0.01,
2024-12-03,14:24:50.159,0.00,0.60,0.00,0.78,3.28,5.13,34.88,0.84,0.5736,3.8982,3.29,0.72,8.95,14.97,4234.20,1.20,29.88,0.00,0.01,0.06,95.05,0.01,0.00,4.88,100.00,0.00,0.00,0.00,0.00,0.00,0.00,0.00,39.97,0.00,0.00,0.00,0.60,0.00,0.78,3.28,5.13,34.88,0.84,0.5736,3.8982,3.29,0.72,0.01,4.05,0.00, 0,8.95,14.97,4234.20,1.20,29.88,0.00,0.01,0.06,95.05,0.01,0.00,4.88,100.00,0.00,0.00,0.00,0.00,0.00,0.00,0.00,39.97,28.64,0.00,0.00,0.59,0.00,0.76,3.21,0.26,1.98,0.86,0.2439,1.8284,0.06,99.94,0.00,0.00,0.00, 0,1.08,1.85,4234.20,1.17,29.27,0.00,0.01,0.00,0.58,0.00,0.77,3.22,0.14,1.76,0.92,0.1354,1.6804,0.06,99.94,0.00,0.00,0.00, 0,1.05,1.82,4234.20,1.15,28.87,0.00,0.01,0.00,0.58,0.00,0.76,3.21,0.88,4.96,0.81,0.8232,4.6436,0.06,94.47,0.00,0.00,5.48, 1,1.07,1.85,4234.20,1.16,28.90,0.00,0.01,0.00,0.62,0.00,0.76,3.21,0.38,4.23,0.90,0.3313,3.6696,0.06,94.44,0.00,0.00,5.50, 1,1.15,1.85,4234.20,1.25,31.21,0.00,0.01,0.00,0.60,0.00,0.80,3.36,0.84,5.27,0.82,0.7343,4.5785,0.06,90.00,0.01,0.00,9.93, 5,1.15,1.93,4234.20,1.19,29.85,0.00,0.01,0.00,0.58,0.00,0.81,3.39,1.14,6.58,0.81,1.0304,5.9291,0.06,89.97,0.01,0.00,9.96, 5,1.11,1.91,4234.20,1.17,29.13,0.00,0.01,0.00,0.59,0.00,0.81,3.40,0.62,4.63,0.85,0.5491,4.0662,0.06,95.82,0.04,0.00,4.09, 6,1.14,1.91,4234.20,1.19,29.72,0.00,0.01,0.00,0.64,0.00,0.78,3.26,0.85,5.47,0.83,0.7115,4.5697,0.06,95.80,0.04,0.00,4.11, 8,1.20,1.87,4234.20,1.28,32.10,0.00,0.01,
2024-12-03,14:24:51.168,0.00,0.61,0.00,0.83,3.50,5.38,28.30,0.80,0.5552,2.9204,3.36,0.94,9.69,15.98,4250.11,1.21,30.31,0.00,0.01,0.06,85.10,0.41,0.00,14.43,100.00,0.00,0.00,0.00,0.00,0.00,0.00,0.00,38.64,0.00,0.00,0.00,0.61,0.00,0.83,3.50,5.38,28.30,0.80,0.5552,2.9204,3.36,0.94,0.07,4.31,0.00, 0,9.69,15.98,4250.11,1.21,30.31,0.00,0.01,0.06,85.10,0.41,0.00,14.43,100.00,0.00,0.00,0.00,0.00,0.00,0.00,0.00,38.64,27.24,0.00,0.00,0.53,0.00,0.84,3.51,0.20,1.61,0.87,0.1910,1.5043,0.06,99.94,0.00,0.00,0.00, 2,1.07,2.02,4250.11,1.06,26.49,0.00,0.01,0.00,0.57,0.00,0.85,3.56,0.07,1.60,0.95,0.0602,1.3749,0.06,99.94,0.00,0.00,0.00, 2,1.17,2.04,4250.11,1.14,28.51,0.00,0.01,0.00,0.67,0.00,0.82,3.46,0.89,4.15,0.77,0.6840,3.1859,0.06,86.97,0.12,0.00,12.85, 0,1.30,1.94,4250.11,1.34,33.54,0.00,0.02,0.00,0.68,0.00,0.82,3.45,1.07,4.73,0.76,0.8236,3.6256,0.06,86.97,0.12,0.00,12.85, 0,1.30,1.93,4250.11,1.35,33.79,0.00,0.02,0.00,0.65,0.00,0.82,3.46,0.79,4.30,0.80,0.6103,3.3266,0.06,79.08,1.48,0.00,19.38, 3,1.29,1.98,4250.11,1.31,32.64,0.00,0.02,0.00,0.53,0.00,0.82,3.46,0.96,4.24,0.76,0.9218,4.0495,0.06,79.09,1.48,0.00,19.38, 3,1.05,1.99,4250.11,1.05,26.26,0.00,0.01,0.00,0.62,0.00,0.86,3.61,0.83,4.69,0.81,0.6504,3.6632,0.06,74.36,0.02,0.00,25.57, 5,1.28,2.07,4250.11,1.24,30.97,0.00,0.02,0.00,0.61,0.00,0.84,3.51,0.56,2.99,0.80,0.4511,2.4261,0.06,74.45,0.02,0.00,25.48, 5,1.23,2.01,4250.11,1.22,30.58,0.00,0.01,
2024-12-03,14:24:52.191,0.00,0.59,0.00,0.82,3.45,6.74,35.02,0.80,0.7203,3.7451,4.20,0.99,9.35,15.87,4250.42,1.18,29.47,0.00,0.01,0.06,96.03,1.39,0.00,2.52,100.00,0.00,0.00,0.00,0.00,0.00,0.00,0.00,41.30,0.00,0.00,0.00,0.59,0.00,0.82,3.45,6.74,35.02,0.80,0.7203,3.7451,4.20,0.99,0.09,5.16,0.00, 0,9.35,15.87,4250.42,1.18,29.47,0.00,0.01,0.06,96.03,1.39,0.00,2.52,100.00,0.00,0.00,0.00,0.00,0.00,0.00,0.00,41.30,29.89,0.00,0.00,0.57,0.00,0.84,3.51,0.39,2.69,0.85,0.3332,2.3227,0.06,99.94,0.00,0.00,0.00, 1,1.16,2.02,4250.42,1.15,28.73,0.00,0.01,0.00,0.57,0.00,0.80,3.36,0.16,1.73,0.90,0.1509,1.5873,0.06,99.94,0.00,0.00,0.00, 1,1.09,1.93,4250.42,1.13,28.28,0.00,0.01,0.00,0.58,0.00,0.84,3.51,0.73,4.67,0.84,0.6288,4.0116,0.06,97.07,0.31,0.00,2.56, 0,1.16,2.01,4250.42,1.16,29.02,0.00,0.01,0.00,0.57,0.00,0.84,3.51,1.06,4.50,0.76,0.9169,3.8937,0.06,97.07,0.31,0.00,2.56, 0,1.16,2.02,4250.42,1.15,28.66,0.00,0.01,0.00,0.57,0.00,0.84,3.51,0.94,4.48,0.78,0.8077,3.8690,0.06,90.29,3.31,0.00,6.34, 3,1.16,2.02,4250.42,1.15,28.66,0.00,0.01,0.00,0.59,0.00,0.84,3.51,1.11,5.77,0.80,0.9379,4.8689,0.06,90.30,3.31,0.00,6.33, 3,1.18,2.02,4250.42,1.17,29.26,0.00,0.01,0.00,0.62,0.00,0.79,3.31,1.39,6.00,0.76,1.1802,5.1014,0.06,96.81,1.94,0.00,1.19, 4,1.18,1.90,4250.42,1.24,30.95,0.00,0.01,0.00,0.65,0.00,0.81,3.41,0.96,5.18,0.81,0.7599,4.1050,0.06,96.78,1.96,0.00,1.20, 2,1.26,1.95,4250.42,1.29,32.32,0.00,0.01,
2024-12-03,14:24:53.192,0.00,0.61,0.00,0.83,3.50,4.40,22.21,0.80,0.4809,2.4257,2.88,0.82,9.16,15.04,4250.80,1.22,30.43,0.00,0.01,0.05,85.83,2.06,0.00,12.05,100.00,0.00,0.00,0.00,0.00,0.00,0.00,0.00,37.99,0.00,0.00,0.00,0.61,0.00,0.83,3.50,4.40,22.21,0.80,0.4809,2.4257,2.88,0.82,0.13,3.65,0.00, 0,9.16,15.04,4250.80,1.22,30.43,0.00,0.01,0.05,85.83,2.06,0.00,12.05,100.00,0.00,0.00,0.00,0.00,0.00,0.00,0.00,37.99,26.62,0.00,0.00,0.57,0.00,0.84,3.51,0.16,1.53,0.89,0.1405,1.3230,0.06,99.94,0.00,0.00,0.00, 0,1.16,2.02,4250.80,1.15,28.70,0.00,0.01,0.00,0.58,0.00,0.82,3.46,0.04,1.28,0.97,0.0370,1.1054,0.06,99.94,0.00,0.00,0.00, 0,1.16,1.99,4250.80,1.17,29.19,0.00,0.01,0.00,0.67,0.00,0.84,3.51,0.52,2.85,0.81,0.3883,2.1291,0.06,73.92,1.77,0.00,24.26, 7,1.34,2.00,4250.80,1.34,33.41,0.00,0.02,0.00,0.66,0.00,0.84,3.51,0.46,2.25,0.79,0.3457,1.6943,0.06,73.92,1.77,0.00,24.26, 7,1.33,2.01,4250.80,1.32,33.08,0.00,0.02,0.00,0.54,0.00,0.82,3.46,0.34,2.03,0.82,0.3203,1.8978,0.06,78.77,4.30,0.00,16.87, 4,1.07,2.00,4250.80,1.07,26.82,0.00,0.01,0.00,0.52,0.00,0.84,3.51,1.15,5.10,0.77,2.1998,9.7132,0.03,78.78,4.30,0.00,16.89, 4,0.52,1.01,4250.80,1.04,25.91,0.00,0.01,0.00,0.65,0.00,0.84,3.51,1.12,4.85,0.76,0.8643,3.7252,0.06,90.65,2.20,0.00,7.09, 4,1.30,2.01,4250.80,1.30,32.38,0.00,0.02,0.00,0.63,0.00,0.84,3.51,0.60,2.32,0.73,0.4691,1.8223,0.06,90.76,2.18,0.00,7.01, 4,1.27,2.01,4250.80,1.27,31.70,0.00,0.01,
2024-12-03,14:24:54.207,0.00,0.62,0.00,0.84,3.52,4.92,19.86,0.74,0.4912,1.9824,2.94,0.81,10.02,16.12,4249.74,1.24,31.06,0.00,0.01,0.06,84.52,1.41,0.00,14.01,100.00,0.00,0.00,0.00,0.00,0.00,0.00,0.00,38.13,0.00,0.00,0.00,0.62,0.00,0.84,3.52,4.92,19.86,0.74,0.4912,1.9824,2.94,0.81,0.16,3.65,0.00, 0,10.02,16.12,4249.74,1.24,31.06,0.00,0.01,0.06,84.52,1.41,0.00,14.01,100.00,0.00,0.00,0.00,0.00,0.00,0.00,0.00,38.13,26.75,0.00,0.00,0.58,0.00,0.86,3.61,0.28,1.61,0.82,0.2344,1.3535,0.06,99.94,0.00,0.00,0.00, 0,1.19,2.07,4249.74,1.15,28.75,0.00,0.01,0.00,0.57,0.00,0.84,3.51,0.03,1.04,0.97,0.0272,0.8993,0.06,99.94,0.00,0.00,0.00, 0,1.15,2.03,4249.74,1.13,28.34,0.00,0.01,0.00,0.66,0.00,0.84,3.51,0.64,2.78,0.76,0.4772,2.0842,0.06,70.83,2.89,0.00,26.22, 3,1.33,2.01,4249.74,1.33,33.24,0.00,0.02,0.00,0.65,0.00,0.84,3.51,0.49,1.62,0.69,0.3704,1.2337,0.06,70.84,2.89,0.00,26.22, 3,1.31,2.01,4249.74,1.31,32.69,0.00,0.02,0.00,0.66,0.00,0.84,3.51,0.46,1.59,0.70,0.3465,1.2065,0.06,75.65,2.37,0.00,21.92, 4,1.32,2.01,4249.74,1.32,32.91,0.00,0.02,0.00,0.60,0.00,0.83,3.50,1.77,6.14,0.71,1.4811,5.1463,0.06,75.74,2.36,0.00,21.84, 5,1.19,1.98,4249.74,1.20,30.12,0.00,0.01,0.00,0.63,0.00,0.84,3.51,0.80,3.48,0.76,0.6289,2.7346,0.06,91.61,0.40,0.00,7.94, 8,1.27,2.01,4249.74,1.27,31.70,0.00,0.01,0.00,0.62,0.00,0.84,3.51,0.46,1.59,0.70,0.3716,1.2838,0.06,91.60,0.40,0.00,7.94, 8,1.24,2.01,4249.74,1.23,30.84,0.00,0.01,
2024-12-03,14:24:55.217,0.00,0.61,0.00,0.85,3.59,4.13,19.05,0.78,0.4098,1.8889,2.49,0.74,10.08,16.46,4250.50,1.23,30.64,0.00,0.01,0.06,75.03,2.17,0.00,22.74,100.00,0.00,0.00,0.00,0.00,0.00,0.00,0.00,37.21,0.00,0.00,0.00,0.61,0.00,0.85,3.59,4.13,19.05,0.78,0.4098,1.8889,2.49,0.74,0.20,3.09,0.00, 0,10.08,16.46,4250.50,1.23,30.64,0.00,0.01,0.06,75.03,2.17,0.00,22.74,100.00,0.00,0.00,0.00,0.00,0.00,0.00,0.00,37.21,25.84,0.00,0.00,0.54,0.00,0.86,3.61,0.13,1.33,0.90,0.1143,1.1864,0.06,99.94,0.00,0.00,0.00, 0,1.12,2.07,4250.50,1.08,27.02,0.00,0.01,0.00,0.56,0.00,0.86,3.61,0.04,1.21,0.97,0.0321,1.0362,0.06,99.94,0.00,0.00,0.00, 0,1.17,2.08,4250.50,1.13,28.18,0.00,0.01,0.00,0.68,0.00,0.86,3.61,0.54,3.48,0.84,0.3890,2.4860,0.06,60.15,1.42,0.00,38.38, 3,1.40,2.06,4250.50,1.36,33.88,0.00,0.02,0.00,0.62,0.00,0.86,3.61,0.22,1.41,0.83,0.1729,1.0935,0.06,60.17,1.42,0.00,38.36, 3,1.29,2.07,4250.50,1.25,31.20,0.00,0.02,0.00,0.66,0.00,0.85,3.56,0.51,1.82,0.70,0.3850,1.3623,0.06,64.08,5.42,0.00,30.44, 5,1.33,2.04,4250.50,1.31,32.79,0.00,0.02,0.00,0.62,0.00,0.84,3.51,1.35,4.48,0.69,1.0856,3.5939,0.06,63.99,5.44,0.00,30.51, 5,1.25,2.01,4250.50,1.24,31.00,0.00,0.01,0.00,0.58,0.00,0.86,3.61,0.89,3.60,0.74,0.7369,2.9840,0.06,75.98,1.82,0.00,22.14, 5,1.21,2.07,4250.50,1.16,29.10,0.00,0.01,0.00,0.64,0.00,0.86,3.61,0.44,1.72,0.73,0.3368,1.3074,0.06,76.00,1.82,0.00,22.13, 5,1.32,2.06,4250.50,1.28,32.02,0.00,0.02,
2024-12-03,14:24:56.220,0.00,0.63,0.00,0.84,3.53,4.13,17.76,0.76,0.4125,1.7751,2.61,0.79,10.00,16.00,4217.40,1.25,31.27,0.00,0.01,0.06,78.62,0.61,0.00,20.71,100.00,0.00,0.00,0.00,0.00,0.00,0.00,0.00,37.85,0.00,0.00,0.00,0.63,0.00,0.84,3.53,4.13,17.76,0.76,0.4125,1.7751,2.61,0.79,0.18,3.28,0.00, 0,10.00,16.00,4217.40,1.25,31.27,0.00,0.01,0.06,78.62,0.61,0.00,20.71,100.00,0.00,0.00,0.00,0.00,0.00,0.00,0.00,37.85,26.54,0.00,0.00,0.54,0.00,0.88,3.68,0.13,1.55,0.91,0.1201,1.3967,0.06,99.94,0.00,0.00,0.00, 0,1.11,2.06,4217.40,1.08,26.95,0.00,0.01,0.00,0.57,0.00,0.83,3.48,0.04,1.17,0.97,0.0347,1.0442,0.06,99.94,0.00,0.00,0.00, 0,1.12,1.96,4217.40,1.14,28.57,0.00,0.01,0.00,0.67,0.00,0.81,3.41,0.53,1.98,0.72,0.4068,1.5135,0.06,69.05,1.14,0.00,29.75, 6,1.31,1.95,4217.40,1.34,33.52,0.00,0.02,0.00,0.68,0.00,0.87,3.66,0.39,1.69,0.76,0.2784,1.2183,0.06,69.04,1.14,0.00,29.77, 6,1.38,2.05,4217.40,1.35,33.84,0.00,0.02,0.00,0.68,0.00,0.82,3.46,0.27,1.42,0.80,0.2027,1.0615,0.06,73.52,0.01,0.00,26.42, 7,1.34,1.98,4217.40,1.35,33.80,0.00,0.02,0.00,0.55,0.00,0.85,3.56,1.42,5.05,0.71,1.2530,4.4510,0.06,73.47,0.01,0.00,26.47, 7,1.13,2.04,4217.40,1.11,27.74,0.00,0.01,0.00,0.68,0.00,0.84,3.51,0.80,2.62,0.68,0.5865,1.9307,0.06,72.00,1.31,0.00,26.63, 6,1.36,2.00,4217.40,1.35,33.87,0.00,0.02,0.00,0.64,0.00,0.83,3.48,0.55,2.28,0.75,0.4381,1.8234,0.06,72.01,1.31,0.00,26.63, 6,1.25,1.95,4217.40,1.28,32.03,0.00,0.01,
2024-12-03,14:24:57.224,0.00,0.62,0.00,0.81,3.41,4.01,16.49,0.75,0.4172,1.7161,2.34,0.68,9.61,15.47,4216.30,1.24,31.06,0.00,0.01,0.06,74.25,0.68,0.00,25.01,100.00,0.00,0.00,0.00,0.00,0.00,0.00,0.00,35.54,0.00,0.00,0.00,0.62,0.00,0.81,3.41,4.01,16.49,0.75,0.4172,1.7161,2.34,0.68,0.08,3.01,0.00, 0,9.61,15.47,4216.30,1.24,31.06,0.00,0.01,0.06,74.25,0.68,0.00,25.01,100.00,0.00,0.00,0.00,0.00,0.00,0.00,0.00,35.54,24.28,0.00,0.00,0.58,0.00,0.79,3.30,0.12,1.35,0.91,0.1091,1.2571,0.06,99.94,0.00,0.00,0.00, 0,1.07,1.86,4216.30,1.16,28.88,0.00,0.01,0.00,0.57,0.00,0.83,3.49,0.03,1.07,0.98,0.0226,0.9541,0.06,99.94,0.00,0.00,0.00, 0,1.12,1.96,4216.30,1.14,28.43,0.00,0.01,0.00,0.63,0.00,0.82,3.42,1.01,3.10,0.67,0.8345,2.5682,0.06,54.08,0.51,0.00,45.35, 9,1.21,1.93,4216.30,1.26,31.38,0.00,0.01,0.00,0.68,0.00,0.76,3.21,0.37,1.21,0.69,0.2943,0.9748,0.06,54.08,0.51,0.00,45.35, 9,1.25,1.84,4216.30,1.35,33.83,0.00,0.01,0.00,0.61,0.00,0.84,3.51,0.27,0.99,0.71,0.2183,0.8112,0.06,75.20,1.04,0.00,23.71,11,1.22,2.02,4216.30,1.21,30.34,0.00,0.01,0.00,0.62,0.00,0.84,3.52,0.83,3.98,0.79,0.6816,3.2647,0.06,75.21,1.04,0.00,23.70,11,1.22,1.98,4216.30,1.23,30.83,0.00,0.01,0.00,0.65,0.00,0.83,3.49,0.73,2.30,0.67,0.5698,1.8048,0.06,67.79,1.17,0.00,30.98,10,1.28,1.96,4216.30,1.30,32.54,0.00,0.02,0.00,0.65,0.00,0.80,3.36,0.67,2.48,0.73,0.5346,1.9911,0.06,67.78,1.17,0.00,30.99,10,1.25,1.93,4216.30,1.29,32.36,0.00,0.01,
2024-12-03,14:24:58.232,0.00,0.65,0.00,0.84,3.53,2.84,13.61,0.78,0.2718,1.3017,1.60,0.54,10.46,16.14,4233.75,1.30,32.39,0.00,0.02,0.06,48.67,2.28,0.00,49.00,100.00,0.00,0.00,0.00,0.00,0.00,0.00,0.00,30.79,0.00,0.00,0.00,0.65,0.00,0.84,3.53,2.84,13.61,0.78,0.2718,1.3017,1.60,0.54,0.00,2.19,0.00, 0,10.46,16.14,4233.75,1.30,32.39,0.00,0.02,0.06,48.67,2.28,0.00,49.00,100.00,0.00,0.00,0.00,0.00,0.00,0.00,0.00,30.79,19.48,0.00,0.00,0.58,0.00,0.84,3.51,0.10,1.31,0.92,0.0835,1.1241,0.06,99.94,0.00,0.00,0.00, 0,1.16,2.01,4233.75,1.16,28.98,0.00,0.01,0.00,0.57,0.00,0.85,3.56,0.03,1.10,0.98,0.0230,0.9363,0.06,99.94,0.00,0.00,0.00, 0,1.18,2.05,4233.75,1.15,28.73,0.00,0.01,0.00,0.68,0.00,0.84,3.51,0.33,1.49,0.76,0.2447,1.0944,0.06,30.39,5.68,0.00,63.87, 9,1.36,2.00,4233.75,1.36,33.98,0.00,0.02,0.00,0.68,0.00,0.84,3.51,0.45,1.88,0.76,0.3317,1.3925,0.06,30.39,5.68,0.00,63.87, 9,1.35,2.00,4233.75,1.35,33.77,0.00,0.02,0.00,0.66,0.00,0.85,3.56,0.15,0.76,0.77,0.1132,0.5602,0.06,30.85,1.16,0.00,67.94,11,1.35,2.03,4233.75,1.33,33.25,0.00,0.02,0.00,0.65,0.00,0.85,3.56,0.94,3.14,0.69,0.7094,2.3571,0.06,30.84,1.16,0.00,67.94,11,1.33,2.03,4233.75,1.31,32.72,0.00,0.02,0.00,0.68,0.00,0.84,3.51,0.55,2.00,0.72,0.4028,1.4715,0.06,33.46,2.27,0.00,64.22, 9,1.36,2.01,4233.75,1.35,33.86,0.00,0.02,0.00,0.68,0.00,0.84,3.51,0.29,1.93,0.84,0.2147,1.4219,0.06,33.48,2.27,0.00,64.19, 9,1.36,2.00,4233.75,1.36,33.92,0.00,0.02,
2024-12-03,14:24:59.240,0.00,0.63,0.00,0.86,3.61,2.77,13.15,0.78,0.2634,1.2515,1.58,0.36,10.51,16.65,4233.38,1.26,31.55,0.00,0.02,0.06,48.65,3.52,0.00,47.77,100.00,0.00,0.00,0.00,0.00,0.00,0.00,0.00,30.66,0.00,0.00,0.00,0.63,0.00,0.86,3.61,2.77,13.15,0.78,0.2634,1.2515,1.58,0.36,0.00,1.98,0.00, 0,10.51,16.65,4233.38,1.26,31.55,0.00,0.02,0.06,48.65,3.52,0.00,47.77,100.00,0.00,0.00,0.00,0.00,0.00,0.00,0.00,30.66,19.37,0.00,0.00,0.56,0.00,0.86,3.61,0.09,1.32,0.93,0.0758,1.0553,0.06,99.94,0.00,0.00,0.00, 0,1.25,2.25,4233.38,1.11,27.83,0.00,0.01,0.00,0.57,0.00,0.86,3.61,0.02,1.10,0.98,0.0167,0.9240,0.06,99.94,0.00,0.00,0.00, 0,1.19,2.07,4233.38,1.15,28.65,0.00,0.01,0.00,0.60,0.00,0.86,3.61,0.51,1.78,0.69,0.4131,1.4315,0.06,22.95,5.35,0.00,71.64,10,1.24,2.07,4233.38,1.20,29.94,0.00,0.01,0.00,0.68,0.00,0.86,3.61,0.06,0.28,0.76,0.0430,0.2032,0.06,22.95,5.35,0.00,71.64,10,1.39,2.06,4233.38,1.35,33.78,0.00,0.02,0.00,0.62,0.00,0.86,3.59,0.30,1.34,0.77,0.2358,1.0651,0.06,49.50,1.70,0.00,48.75,11,1.26,2.02,4233.38,1.25,31.13,0.00,0.01,0.00,0.67,0.00,0.86,3.61,1.14,4.99,0.77,0.8200,3.5953,0.06,49.50,1.70,0.00,48.75,11,1.39,2.06,4233.38,1.35,33.70,0.00,0.02,0.00,0.68,0.00,0.86,3.61,0.33,1.15,0.69,0.2386,0.8247,0.06,22.21,7.05,0.00,70.69,10,1.40,2.06,4233.38,1.36,33.93,0.00,0.02,0.00,0.68,0.00,0.86,3.61,0.31,1.19,0.72,0.2243,0.8551,0.06,22.21,7.05,0.00,70.69,10,1.40,2.06,4233.38,1.35,33.82,0.00,0.02,
2024-12-03,14:25:00.248,0.00,0.63,0.00,0.86,3.61,2.80,13.50,0.79,0.2669,1.2893,1.60,0.35,10.47,16.53,4233.49,1.27,31.67,0.00,0.02,0.06,51.44,1.03,0.00,47.47,100.00,0.00,0.00,0.00,0.00,0.00,0.00,0.00,30.98,0.00,0.00,0.00,0.63,0.00,0.86,3.61,2.80,13.50,0.79,0.2669,1.2893,1.60,0.35,0.00,2.01,0.00, 0,10.47,16.53,4233.49,1.27,31.67,0.00,0.02,0.06,51.44,1.03,0.00,47.47,100.00,0.00,0.00,0.00,0.00,0.00,0.00,0.00,30.98,19.68,0.00,0.00,0.50,0.00,0.86,3.61,0.11,1.40,0.92,0.0997,1.3244,0.06,99.94,0.00,0.00,0.00, 0,1.06,2.11,4233.49,1.00,25.09,0.00,0.01,0.00,0.57,0.00,0.86,3.61,0.03,1.15,0.97,0.0251,0.9681,0.06,99.94,0.00,0.00,0.00, 0,1.19,2.07,4233.49,1.15,28.75,0.00,0.01,0.00,0.66,0.00,0.86,3.61,0.58,2.87,0.79,0.4279,2.1236,0.06,41.72,1.32,0.00,56.90,10,1.35,2.06,4233.49,1.31,32.78,0.00,0.02,0.00,0.66,0.00,0.86,3.61,0.10,0.52,0.79,0.0746,0.3831,0.06,41.72,1.32,0.00,56.90,10,1.37,2.07,4233.49,1.32,33.06,0.00,0.02,0.00,0.68,0.00,0.86,3.61,0.25,0.93,0.71,0.1785,0.6659,0.06,41.62,0.58,0.00,57.74,12,1.40,2.06,4233.49,1.36,33.92,0.00,0.02,0.00,0.67,0.00,0.87,3.65,1.06,4.01,0.73,0.7689,2.9151,0.06,41.62,0.58,0.00,57.74,12,1.37,2.04,4233.49,1.35,33.70,0.00,0.02,0.00,0.68,0.00,0.86,3.61,0.48,1.79,0.72,0.3443,1.2797,0.06,22.47,2.23,0.00,75.24,11,1.40,2.06,4233.49,1.35,33.87,0.00,0.02,0.00,0.65,0.00,0.86,3.61,0.19,0.83,0.75,0.1442,0.6222,0.06,22.47,2.23,0.00,75.24,11,1.34,2.06,4233.49,1.30,32.39,0.00,0.02,
2024-12-03,14:25:01.256,0.00,0.63,0.00,0.86,3.60,2.60,12.97,0.79,0.2509,1.2522,1.51,0.35,10.35,16.51,4233.53,1.25,31.36,0.00,0.02,0.06,49.32,2.67,0.00,47.95,100.00,0.00,0.00,0.00,0.00,0.00,0.00,0.00,30.65,0.00,0.00,0.00,0.63,0.00,0.86,3.60,2.60,12.97,0.79,0.2509,1.2522,1.51,0.35,0.00,1.92,0.00, 0,10.35,16.51,4233.53,1.25,31.36,0.00,0.02,0.06,49.32,2.67,0.00,47.95,100.00,0.00,0.00,0.00,0.00,0.00,0.00,0.00,30.65,19.35,0.00,0.00,0.58,0.00,0.86,3.61,0.09,1.44,0.93,0.0786,1.2079,0.06,99.94,0.00,0.00,0.00, 0,1.19,2.07,4233.53,1.15,28.86,0.00,0.01,0.00,0.58,0.00,0.86,3.61,0.02,1.14,0.98,0.0167,0.9479,0.06,99.94,0.00,0.00,0.00, 0,1.20,2.08,4233.53,1.16,28.88,0.00,0.01,0.00,0.68,0.00,0.86,3.61,0.35,1.73,0.79,0.2484,1.2313,0.06,29.91,3.15,0.00,66.89,10,1.41,2.06,4233.53,1.37,34.15,0.00,0.02,0.00,0.63,0.00,0.86,3.61,0.33,0.94,0.63,0.2549,0.7259,0.06,29.91,3.15,0.00,66.89,10,1.30,2.07,4233.53,1.25,31.37,0.00,0.02,0.00,0.62,0.00,0.86,3.61,0.40,1.72,0.76,0.3144,1.3414,0.06,48.05,0.71,0.00,51.18,12,1.28,2.07,4233.53,1.24,30.90,0.00,0.02,0.00,0.68,0.00,0.85,3.56,0.95,4.08,0.76,0.6905,2.9613,0.06,48.05,0.71,0.00,51.19,12,1.38,2.03,4233.53,1.35,33.85,0.00,0.02,0.00,0.58,0.00,0.86,3.61,0.22,0.99,0.76,0.1826,0.8221,0.06,19.40,6.82,0.00,73.72,10,1.21,2.07,4233.53,1.17,29.18,0.00,0.01,0.00,0.68,0.00,0.86,3.61,0.23,0.93,0.74,0.1655,0.6660,0.06,19.40,6.82,0.00,73.73,10,1.39,2.06,4233.53,1.35,33.78,0.00,0.02,
2024-12-03,14:25:02.272,0.00,0.64,0.00,0.86,3.63,2.90,14.14,0.79,0.2772,1.3515,1.69,0.43,10.47,16.47,4233.63,1.27,31.77,0.00,0.02,0.06,52.52,2.01,0.00,45.41,100.00,0.00,0.00,0.00,0.00,0.00,0.00,0.00,31.57,0.00,0.00,0.00,0.64,0.00,0.86,3.63,2.90,14.14,0.79,0.2772,1.3515,1.69,0.43,0.00,2.21,0.00, 0,10.47,16.47,4233.63,1.27,31.77,0.00,0.02,0.06,52.52,2.01,0.00,45.41,100.00,0.00,0.00,0.00,0.00,0.00,0.00,0.00,31.57,20.28,0.00,0.00,0.51,0.00,0.87,3.65,0.11,1.41,0.92,0.1048,1.3422,0.06,99.94,0.00,0.00,0.00, 0,1.05,2.05,4233.63,1.02,25.62,0.00,0.01,0.00,0.58,0.00,0.87,3.66,0.03,1.12,0.97,0.0270,0.9281,0.06,99.94,0.00,0.00,0.00, 0,1.21,2.10,4233.63,1.15,28.79,0.00,0.01,0.00,0.68,0.00,0.86,3.61,0.27,1.18,0.75,0.1920,0.8428,0.06,26.60,1.92,0.00,71.43, 7,1.40,2.06,4233.63,1.35,33.87,0.00,0.02,0.00,0.65,0.00,0.84,3.51,0.09,0.47,0.80,0.0677,0.3701,0.06,26.51,1.92,0.00,71.52, 8,1.27,1.97,4233.63,1.29,32.37,0.00,0.02,0.00,0.67,0.00,0.86,3.61,0.37,1.19,0.66,0.2713,0.8664,0.06,44.58,3.45,0.00,51.92, 5,1.37,2.06,4233.63,1.33,33.30,0.00,0.02,0.00,0.65,0.00,0.86,3.61,0.99,4.06,0.75,0.7287,2.9993,0.06,44.58,3.45,0.00,51.92, 5,1.35,2.07,4233.63,1.31,32.73,0.00,0.02,0.00,0.67,0.00,0.87,3.64,0.71,2.74,0.73,0.5147,1.9890,0.06,39.31,2.68,0.00,57.96, 7,1.38,2.04,4233.63,1.35,33.71,0.00,0.02,0.00,0.68,0.00,0.88,3.71,0.34,1.98,0.82,0.2347,1.3804,0.06,38.81,2.70,0.00,58.44,10,1.43,2.12,4233.63,1.35,33.78,0.00,0.02,
2024-12-03,14:25:03.273,0.00,0.63,0.00,0.84,3.54,3.25,15.89,0.79,0.3167,1.5483,1.85,0.37,10.26,16.17,4233.70,1.27,31.72,0.00,0.02,0.06,55.64,2.47,0.00,41.83,100.00,0.00,0.00,0.00,0.00,0.00,0.00,0.00,32.00,0.00,0.00,0.00,0.63,0.00,0.84,3.54,3.25,15.89,0.79,0.3167,1.5483,1.85,0.37,0.00,2.28,0.00, 0,10.26,16.17,4233.70,1.27,31.72,0.00,0.02,0.06,55.64,2.47,0.00,41.83,100.00,0.00,0.00,0.00,0.00,0.00,0.00,0.00,32.00,20.70,0.00,0.00,0.57,0.00,0.84,3.51,0.10,1.35,0.92,0.0888,1.1703,0.06,99.94,0.00,0.00,0.00, 0,1.15,2.02,4233.70,1.14,28.60,0.00,0.01,0.00,0.58,0.00,0.85,3.56,0.02,1.13,0.98,0.0213,0.9651,0.06,99.94,0.00,0.00,0.00, 0,1.17,2.04,4233.70,1.15,28.79,0.00,0.01,0.00,0.65,0.00,0.84,3.51,0.83,3.54,0.76,0.6448,2.7336,0.06,44.62,1.62,0.00,53.70, 9,1.29,2.00,4233.70,1.29,32.29,0.00,0.02,0.00,0.68,0.00,0.84,3.51,0.08,0.44,0.80,0.0561,0.3229,0.06,44.69,1.62,0.00,53.64, 9,1.36,2.01,4233.70,1.36,33.88,0.00,0.02,0.00,0.68,0.00,0.86,3.61,0.33,1.29,0.72,0.2395,0.9255,0.06,51.93,1.59,0.00,46.42, 4,1.39,2.06,4233.70,1.35,33.86,0.00,0.02,0.00,0.62,0.00,0.85,3.56,1.20,5.57,0.78,0.9421,4.3656,0.06,52.03,1.59,0.00,46.33, 5,1.28,2.04,4233.70,1.25,31.24,0.00,0.02,0.00,0.63,0.00,0.85,3.59,0.34,1.33,0.73,0.2728,1.0614,0.06,25.56,6.72,0.00,67.66,10,1.26,2.00,4233.70,1.25,31.36,0.00,0.01,0.00,0.68,0.00,0.84,3.51,0.33,1.24,0.71,0.2460,0.9126,0.06,26.18,6.66,0.00,67.10,10,1.36,2.01,4233.70,1.35,33.78,0.00,0.02,
2024-12-03,14:25:04.282,0.00,0.64,0.00,0.86,3.61,3.15,15.12,0.78,0.2967,1.4224,1.82,0.43,10.63,16.52,4233.55,1.29,32.16,0.00,0.02,0.06,51.58,3.06,0.00,45.30,100.00,0.00,0.00,0.00,0.00,0.00,0.00,0.00,31.87,0.00,0.00,0.00,0.64,0.00,0.86,3.61,3.15,15.12,0.78,0.2967,1.4224,1.82,0.43,0.00,2.33,0.00, 0,10.63,16.52,4233.55,1.29,32.16,0.00,0.02,0.06,51.58,3.06,0.00,45.30,100.00,0.00,0.00,0.00,0.00,0.00,0.00,0.00,31.87,20.56,0.00,0.00,0.57,0.00,0.86,3.61,0.11,1.43,0.92,0.0906,1.2018,0.06,99.94,0.00,0.00,0.00, 0,1.19,2.07,4233.55,1.15,28.66,0.00,0.01,0.00,0.58,0.00,0.86,3.61,0.03,1.16,0.97,0.0242,0.9694,0.06,99.94,0.00,0.00,0.00, 0,1.19,2.07,4233.55,1.15,28.78,0.00,0.01,0.00,0.68,0.00,0.86,3.61,0.63,2.16,0.69,0.4490,1.5419,0.06,36.55,3.91,0.00,59.48, 8,1.40,2.06,4233.55,1.36,34.03,0.00,0.02,0.00,0.68,0.00,0.86,3.61,0.34,1.57,0.78,0.2460,1.1240,0.06,36.55,3.91,0.00,59.48, 8,1.39,2.06,4233.55,1.35,33.84,0.00,0.02,0.00,0.68,0.00,0.86,3.61,0.28,1.95,0.85,0.2039,1.3973,0.06,46.33,0.05,0.00,53.57, 4,1.39,2.06,4233.55,1.35,33.79,0.00,0.02,0.00,0.66,0.00,0.86,3.61,1.07,4.24,0.74,0.7843,3.1004,0.06,46.33,0.05,0.00,53.57, 4,1.37,2.07,4233.55,1.32,33.07,0.00,0.02,0.00,0.67,0.00,0.86,3.61,0.39,1.21,0.66,0.2768,0.8710,0.06,23.52,8.29,0.00,68.13, 9,1.39,2.06,4233.55,1.35,33.72,0.00,0.02,0.00,0.63,0.00,0.86,3.61,0.30,1.40,0.77,0.2322,1.0801,0.06,23.52,8.29,0.00,68.13, 9,1.30,2.06,4233.55,1.26,31.42,0.00,0.02,
2024-12-03,14:25:05.292,0.00,0.63,0.00,0.86,3.62,3.16,15.19,0.79,0.3020,1.4505,1.77,0.36,10.47,16.55,4250.47,1.27,31.64,0.00,0.02,0.06,50.81,4.27,0.00,44.87,100.00,0.00,0.00,0.00,0.00,0.00,0.00,0.00,31.84,0.00,0.00,0.00,0.63,0.00,0.86,3.62,3.16,15.19,0.79,0.3020,1.4505,1.77,0.36,0.00,2.19,0.00, 0,10.47,16.55,4250.47,1.27,31.64,0.00,0.02,0.06,50.81,4.27,0.00,44.87,100.00,0.00,0.00,0.00,0.00,0.00,0.00,0.00,31.84,20.48,0.00,0.00,0.58,0.00,0.86,3.61,0.10,1.30,0.92,0.0841,1.0873,0.06,99.94,0.00,0.00,0.00, 0,1.19,2.06,4250.47,1.16,28.94,0.00,0.01,0.00,0.57,0.00,0.86,3.61,0.02,1.27,0.98,0.0181,1.0826,0.06,99.94,0.00,0.00,0.00, 0,1.18,2.07,4250.47,1.14,28.39,0.00,0.01,0.00,0.60,0.00,0.86,3.61,0.31,1.72,0.81,0.2483,1.3868,0.06,31.39,9.34,0.00,59.21, 9,1.24,2.07,4250.47,1.20,30.06,0.00,0.01,0.00,0.68,0.00,0.86,3.61,0.26,1.34,0.80,0.1886,0.9556,0.06,31.41,9.34,0.00,59.20, 9,1.40,2.06,4250.47,1.36,33.90,0.00,0.02,0.00,0.67,0.00,0.87,3.66,0.33,1.36,0.75,0.2322,0.9639,0.06,46.49,1.17,0.00,52.28,11,1.41,2.09,4250.47,1.35,33.71,0.00,0.02,0.00,0.62,0.00,0.86,3.61,0.99,4.24,0.76,0.7729,3.3203,0.06,46.39,1.18,0.00,52.38,11,1.28,2.07,4250.47,1.24,30.93,0.00,0.02,0.00,0.67,0.00,0.86,3.61,0.93,3.04,0.69,0.6721,2.1994,0.06,25.43,6.57,0.00,67.94,10,1.38,2.07,4250.47,1.34,33.41,0.00,0.02,0.00,0.67,0.00,0.86,3.61,0.23,0.92,0.74,0.1620,0.6608,0.06,25.43,6.57,0.00,67.94,10,1.39,2.06,4250.47,1.35,33.73,0.00,0.02,